temperature,rainfall,humidity,soil_moisture,forecast_rainfall,historical_rainfall,historical_temperature,crop_type,soil_type,water_availability,drought_risk,flood_risk,heat_risk,extreme_rainfall_risk
33.9,3.1,87.4,53.1,1.5,203.3,35.4,Pulses,Sandy Loam,Saturated,0,0,0,0
27.2,3.6,69.8,45.0,1.1,136.6,28.6,Soybean,Clayey Loam,Saturated,0,0,0,0
31.3,0.0,46.2,31.8,12.3,64.2,31.1,Paddy,Alluvial Soil,Adequate,0,0,0,0
26.4,0.0,54.7,51.9,1.7,95.5,24.8,Cotton,Alluvial Soil,Saturated,0,0,0,0
22.4,0.0,79.7,36.3,19.8,79.9,23.7,Soybean,Black Soil,Adequate,0,0,0,0
23.9,0.0,31.5,18.0,5.3,55.3,22.6,Mustard,Sandy Loam,Adequate,0,0,0,0
25.9,30.4,71.0,30.4,30.7,24.8,27.0,Cotton,Clayey Loam,Low / Moderate Deficit,0,0,0,0
32.0,0.0,77.6,18.4,1.6,67.4,30.2,Pulses,Alluvial Soil,Adequate,0,0,0,0
32.0,0.0,58.5,13.7,3.8,0.6,30.7,Mustard,Red Soil,Critical Deficit,1,0,0,0
21.5,0.0,78.8,21.8,59.5,69.1,19.3,Pulses,Alluvial Soil,Adequate,0,0,0,1
25.1,0.0,51.0,30.5,5.0,72.2,25.6,Sugarcane,Clayey Loam,Adequate,0,0,0,0
38.2,0.0,63.2,23.5,1.1,47.8,37.6,Sugarcane,Sandy Loam,Low / Moderate Deficit,0,0,1,0
30.0,0.0,55.8,22.9,0.8,81.3,28.8,Sugarcane,Clayey Loam,Low / Moderate Deficit,0,0,0,0
29.9,0.0,59.5,30.5,3.6,84.9,30.6,Soybean,Black Soil,Adequate,0,0,0,0
27.3,0.0,58.5,53.4,3.0,161.6,30.3,Paddy,Black Soil,Saturated,0,0,0,0
22.1,0.0,48.0,24.7,1.9,73.1,22.4,Soybean,Sandy Loam,Adequate,0,0,0,0
41.6,0.0,61.5,39.3,1.2,72.6,40.2,Mustard,Black Soil,Adequate,0,0,1,0
32.6,0.0,15.5,48.6,3.4,176.6,33.6,Sugarcane,Sandy Loam,Saturated,0,0,0,0
19.7,0.0,62.1,31.0,10.1,32.3,19.9,Wheat,Red Soil,Adequate,0,0,0,0
30.7,0.0,61.9,28.9,6.6,57.7,32.4,Cotton,Red Soil,Low / Moderate Deficit,0,0,0,0
41.2,0.0,68.5,29.2,0.8,41.2,42.4,Mustard,Black Soil,Low / Moderate Deficit,0,0,1,0
24.8,0.0,62.6,30.3,0.9,61.0,24.4,Sugarcane,Red Soil,Low / Moderate Deficit,0,0,0,0
28.4,23.1,98.0,16.1,8.2,2.7,28.2,Wheat,Clayey Loam,Critical Deficit,1,0,0,0
32.0,0.0,69.1,37.7,1.2,83.7,34.3,Sugarcane,Clayey Loam,Adequate,0,0,0,0
27.3,14.6,75.4,28.8,68.8,26.3,29.9,Sugarcane,Clayey Loam,Adequate,0,0,0,1
23.8,0.0,38.7,27.7,0.4,39.3,26.5,Mustard,Alluvial Soil,Adequate,0,0,0,0
25.6,17.8,63.5,24.0,5.4,23.3,24.6,Wheat,Red Soil,Adequate,0,0,0,0
41.3,0.0,47.8,14.8,0.5,0.6,42.2,Paddy,Sandy Loam,Critical Deficit,1,0,1,0
39.4,17.6,62.3,25.3,2.2,55.1,38.4,Pulses,Red Soil,Adequate,0,0,1,0
29.4,0.0,51.2,20.6,4.1,25.3,28.5,Pulses,Sandy Loam,Adequate,0,0,0,0
20.7,0.0,53.8,36.1,0.6,53.6,21.6,Pulses,Black Soil,Low / Moderate Deficit,0,0,0,0
20.9,0.0,51.3,17.3,4.3,7.1,22.1,Mustard,Clayey Loam,Critical Deficit,1,0,0,0
22.2,0.0,58.1,20.6,1.5,0.7,24.2,Wheat,Alluvial Soil,Critical Deficit,1,0,0,0
37.0,0.0,60.2,16.6,0.5,0.4,36.1,Pulses,Alluvial Soil,Critical Deficit,1,0,0,0
34.5,30.0,92.6,31.8,43.0,62.3,35.2,Mustard,Red Soil,Low / Moderate Deficit,0,0,0,1
26.7,17.3,37.2,18.1,10.3,64.3,29.1,Paddy,Sandy Loam,Adequate,0,0,0,0
41.7,0.0,59.3,24.5,8.3,82.9,40.9,Soybean,Alluvial Soil,Adequate,0,0,1,0
41.2,0.0,90.4,28.0,3.4,76.4,38.9,Sugarcane,Alluvial Soil,Adequate,0,0,1,0
36.9,8.5,75.4,18.0,19.1,39.3,36.8,Mustard,Clayey Loam,Adequate,0,0,1,0
32.4,0.0,57.8,29.9,2.0,26.0,32.4,Paddy,Black Soil,Adequate,0,0,0,0
27.9,0.0,64.5,17.0,11.0,10.6,30.4,Sugarcane,Black Soil,Critical Deficit,1,0,0,0
30.5,0.0,61.5,22.0,1.7,78.0,28.5,Pulses,Sandy Loam,Low / Moderate Deficit,0,0,0,0
32.7,0.0,33.7,16.9,6.4,8.9,32.4,Wheat,Clayey Loam,Critical Deficit,1,0,0,0
31.9,0.0,86.6,24.9,59.2,20.7,30.4,Sugarcane,Sandy Loam,Adequate,0,0,0,1
33.9,0.0,69.6,21.8,3.4,51.1,31.8,Sugarcane,Alluvial Soil,Low / Moderate Deficit,1,0,0,0
30.4,0.0,77.7,37.8,1.9,54.0,30.5,Cotton,Black Soil,Adequate,0,0,0,0
42.9,0.0,46.2,48.0,6.9,38.0,41.7,Cotton,Black Soil,Low / Moderate Deficit,0,0,1,0
36.2,66.0,27.4,17.0,107.1,4.6,39.0,Sugarcane,Sandy Loam,Critical Deficit,1,0,1,1
34.5,0.0,86.6,24.6,67.5,72.7,34.1,Sugarcane,Clayey Loam,Low / Moderate Deficit,0,0,0,1
26.3,0.0,85.9,36.3,21.0,54.7,25.6,Mustard,Black Soil,Adequate,0,0,0,0
27.3,0.0,71.2,16.4,3.5,3.4,28.1,Maize,Red Soil,Critical Deficit,1,0,0,0
32.0,0.0,46.5,32.1,4.4,55.9,32.1,Cotton,Alluvial Soil,Adequate,0,0,0,0
33.9,0.0,84.6,31.4,6.0,45.5,31.3,Maize,Red Soil,Adequate,0,0,0,0
31.2,0.0,20.9,55.9,1.5,241.9,31.7,Paddy,Red Soil,Saturated,0,0,0,0
19.8,0.0,59.0,45.0,11.7,191.3,19.7,Sugarcane,Alluvial Soil,Saturated,0,0,0,0
23.4,0.0,68.8,37.3,6.8,31.2,22.9,Mustard,Red Soil,Adequate,0,0,0,0
26.8,0.0,45.7,24.4,0.3,33.4,25.2,Wheat,Red Soil,Adequate,0,0,0,0
29.4,0.0,60.8,18.6,3.0,11.2,28.5,Wheat,Black Soil,Critical Deficit,1,0,0,0
28.3,0.0,18.6,34.9,1.4,22.4,27.9,Maize,Sandy Loam,Adequate,0,0,0,0
30.2,0.0,77.4,34.1,2.8,35.8,26.5,Mustard,Red Soil,Low / Moderate Deficit,0,0,0,0
37.1,13.8,64.0,22.9,6.6,43.1,33.9,Cotton,Clayey Loam,Adequate,0,0,0,0
39.4,0.0,70.0,10.0,2.6,5.1,41.0,Cotton,Clayey Loam,Critical Deficit,1,0,1,0
29.9,0.0,30.5,15.4,8.1,12.8,26.5,Sugarcane,Alluvial Soil,Critical Deficit,1,0,0,0
15.0,0.0,72.3,37.3,3.0,76.3,14.9,Soybean,Black Soil,Adequate,0,0,0,0
34.9,0.0,70.2,19.7,19.1,3.1,34.8,Soybean,Black Soil,Critical Deficit,1,0,0,0
20.2,17.0,60.9,18.2,8.5,51.3,20.6,Wheat,Sandy Loam,Adequate,0,0,0,0
24.8,82.8,53.1,21.4,9.7,64.3,25.9,Paddy,Red Soil,Adequate,0,0,0,1
15.2,0.0,45.7,17.1,8.0,14.1,14.3,Cotton,Black Soil,Critical Deficit,1,0,0,0
32.9,0.0,88.4,21.4,3.8,30.6,33.8,Sugarcane,Red Soil,Adequate,0,0,0,0
31.7,0.0,97.4,32.2,52.4,48.5,31.1,Maize,Clayey Loam,Low / Moderate Deficit,0,0,0,1
16.0,0.0,87.2,18.1,11.0,1.0,12.5,Soybean,Red Soil,Critical Deficit,1,0,0,0
18.8,0.0,46.2,21.1,3.5,8.6,18.8,Mustard,Red Soil,Critical Deficit,1,0,0,0
35.0,15.2,44.6,32.9,35.9,73.4,36.2,Maize,Black Soil,Adequate,0,0,0,0
30.3,0.0,98.0,20.2,16.7,0.2,29.6,Pulses,Sandy Loam,Critical Deficit,1,0,0,0
34.3,0.0,88.2,12.5,79.9,6.4,33.3,Paddy,Red Soil,Critical Deficit,1,0,0,1
31.1,0.0,98.0,35.7,0.5,80.0,32.0,Wheat,Red Soil,Adequate,0,0,0,0
26.2,2.0,56.7,21.2,5.5,32.1,25.5,Mustard,Alluvial Soil,Low / Moderate Deficit,1,0,0,0
23.7,0.0,46.9,30.2,1.4,71.2,24.7,Pulses,Black Soil,Adequate,0,0,0,0
36.3,0.0,55.5,40.0,1.9,58.2,36.2,Wheat,Black Soil,Adequate,0,0,0,0
32.8,0.0,32.5,56.2,0.1,134.4,31.8,Paddy,Sandy Loam,Saturated,0,0,0,0
32.7,0.0,60.3,25.7,2.4,32.0,34.4,Wheat,Sandy Loam,Adequate,0,0,0,0
21.8,0.0,25.6,48.0,1.3,44.6,20.9,Pulses,Black Soil,Adequate,0,0,0,0
28.5,0.0,87.1,32.5,14.5,30.1,25.4,Mustard,Red Soil,Adequate,0,0,0,0
25.0,0.0,76.6,32.3,18.7,36.5,21.7,Cotton,Clayey Loam,Adequate,0,0,0,0
19.7,0.0,78.2,21.1,54.6,12.1,20.4,Pulses,Red Soil,Critical Deficit,1,0,0,1
19.8,0.0,43.8,54.8,3.0,109.6,20.5,Mustard,Red Soil,Saturated,0,0,0,0
33.2,0.0,64.7,14.6,1.2,0.5,34.8,Paddy,Sandy Loam,Critical Deficit,1,0,0,0
26.2,0.0,82.5,26.0,6.2,84.0,24.7,Sugarcane,Clayey Loam,Adequate,0,0,0,0
40.2,0.0,61.6,17.9,1.5,6.3,38.4,Pulses,Black Soil,Critical Deficit,1,0,1,0
36.6,0.0,80.7,52.0,18.9,100.7,38.6,Wheat,Alluvial Soil,Saturated,0,1,1,0
26.6,5.5,65.7,13.3,0.9,9.5,27.9,Maize,Black Soil,Critical Deficit,1,0,0,0
19.0,0.0,37.0,54.1,0.1,103.2,17.9,Maize,Alluvial Soil,Saturated,0,0,0,0
20.9,0.0,45.6,28.4,3.8,50.9,18.3,Sugarcane,Red Soil,Adequate,0,0,0,0
31.8,0.0,29.0,17.1,5.5,7.1,30.2,Pulses,Clayey Loam,Critical Deficit,1,0,0,0
39.9,0.0,47.3,40.9,1.8,82.5,39.0,Cotton,Black Soil,Adequate,0,0,1,0
24.8,0.0,60.8,32.7,4.3,67.1,25.8,Cotton,Alluvial Soil,Low / Moderate Deficit,0,0,0,0
38.1,20.0,78.5,47.0,1.1,140.1,42.0,Mustard,Black Soil,Saturated,0,1,1,0
28.8,0.0,57.2,33.1,4.8,61.9,24.7,Pulses,Clayey Loam,Low / Moderate Deficit,0,0,0,0
36.1,0.0,59.1,20.3,1.7,12.1,33.2,Soybean,Red Soil,Critical Deficit,1,0,0,0
30.9,0.0,90.8,18.4,52.3,84.4,27.3,Sugarcane,Clayey Loam,Low / Moderate Deficit,1,0,0,1
26.9,0.0,85.4,14.7,24.7,6.3,29.1,Paddy,Clayey Loam,Critical Deficit,1,0,0,0
28.2,0.0,45.5,23.4,1.1,64.2,26.4,Maize,Black Soil,Adequate,0,0,0,0
35.9,0.0,56.1,47.5,1.9,248.6,36.5,Sugarcane,Red Soil,Saturated,0,0,0,0
33.7,0.0,50.9,22.5,0.1,82.2,33.5,Paddy,Sandy Loam,Low / Moderate Deficit,0,0,0,0
27.8,0.0,38.9,27.1,3.6,34.6,27.2,Mustard,Clayey Loam,Adequate,0,0,0,0
39.3,37.8,92.3,17.6,7.7,8.3,40.9,Mustard,Clayey Loam,Critical Deficit,1,0,1,0
21.7,0.0,46.8,21.9,2.1,75.3,22.0,Paddy,Alluvial Soil,Adequate,0,0,0,0
37.2,0.0,66.2,11.1,3.4,13.2,37.9,Mustard,Clayey Loam,Critical Deficit,1,0,1,0
32.4,0.0,72.9,31.1,29.9,68.9,34.7,Paddy,Sandy Loam,Low / Moderate Deficit,0,0,0,0
29.0,0.0,62.6,27.2,4.1,74.1,28.4,Pulses,Clayey Loam,Low / Moderate Deficit,0,0,0,0
34.9,0.0,33.2,29.5,3.0,55.1,32.9,Maize,Sandy Loam,Adequate,0,0,0,0
33.2,0.0,60.9,26.1,3.0,24.4,33.8,Paddy,Red Soil,Low / Moderate Deficit,0,0,0,0
28.6,1.4,93.2,47.1,47.8,58.6,27.5,Paddy,Black Soil,Low / Moderate Deficit,0,1,0,1
29.2,0.0,23.4,18.0,3.4,84.8,28.6,Sugarcane,Clayey Loam,Adequate,0,0,0,0
32.6,0.0,51.0,16.7,0.7,9.8,31.8,Cotton,Red Soil,Critical Deficit,1,0,0,0
28.7,0.0,39.4,47.1,1.6,133.9,31.2,Paddy,Red Soil,Saturated,0,0,0,0
28.6,0.6,66.3,30.7,3.2,50.8,28.1,Paddy,Red Soil,Adequate,0,0,0,0
32.1,0.0,68.2,28.9,5.6,28.5,34.1,Mustard,Sandy Loam,Adequate,0,0,0,0
29.0,16.4,35.9,53.5,23.4,126.1,26.6,Maize,Sandy Loam,Saturated,0,1,0,0
26.2,0.0,77.9,24.0,0.3,51.2,25.2,Sugarcane,Clayey Loam,Adequate,0,0,0,0
32.2,11.8,68.6,25.0,2.8,60.2,30.5,Pulses,Red Soil,Low / Moderate Deficit,0,0,0,0
24.7,0.0,60.7,15.5,0.1,2.0,23.6,Sugarcane,Black Soil,Critical Deficit,1,0,0,0
26.6,2.0,70.3,35.9,25.3,76.6,27.1,Pulses,Alluvial Soil,Low / Moderate Deficit,0,0,0,0
36.3,0.0,50.4,32.9,6.8,49.4,36.6,Wheat,Sandy Loam,Low / Moderate Deficit,0,0,0,0
40.1,0.0,51.7,48.0,3.2,41.4,39.5,Paddy,Black Soil,Adequate,0,0,1,0
28.9,3.2,78.8,18.0,0.5,55.3,30.7,Soybean,Sandy Loam,Low / Moderate Deficit,1,0,0,0
21.8,0.0,51.5,23.0,0.7,82.5,22.3,Paddy,Red Soil,Adequate,0,0,0,0
38.3,0.0,73.6,30.7,17.6,58.2,42.7,Wheat,Clayey Loam,Low / Moderate Deficit,0,0,1,0
39.1,0.0,89.5,18.0,26.6,50.3,36.8,Wheat,Clayey Loam,Adequate,0,0,1,0
33.0,4.9,64.7,36.9,10.7,52.0,32.6,Maize,Black Soil,Adequate,0,0,0,0
39.3,0.0,92.5,18.0,2.5,45.9,40.9,Soybean,Sandy Loam,Adequate,0,0,1,0
40.3,0.0,87.7,27.6,6.8,48.7,39.9,Paddy,Clayey Loam,Adequate,0,0,1,0
24.7,0.0,67.6,18.0,2.7,59.4,22.4,Mustard,Alluvial Soil,Adequate,0,0,0,0
34.2,0.0,77.5,20.8,49.9,0.5,37.7,Pulses,Clayey Loam,Critical Deficit,1,0,0,0
22.6,1.7,71.3,35.3,2.7,45.8,23.8,Soybean,Alluvial Soil,Adequate,0,0,0,0
30.8,0.0,68.1,18.0,1.8,63.3,35.2,Wheat,Red Soil,Adequate,0,0,0,0
30.4,3.8,62.2,22.2,3.9,82.6,29.5,Sugarcane,Clayey Loam,Adequate,0,0,0,0
29.7,5.0,63.5,27.2,5.3,27.4,30.5,Pulses,Alluvial Soil,Low / Moderate Deficit,0,0,0,0
33.8,0.0,39.4,26.8,3.2,85.0,32.7,Cotton,Sandy Loam,Low / Moderate Deficit,0,0,0,0
28.4,0.0,50.9,40.4,3.2,77.1,28.2,Soybean,Black Soil,Low / Moderate Deficit,0,0,0,0
21.2,0.0,43.8,33.0,1.2,56.6,23.6,Pulses,Red Soil,Low / Moderate Deficit,0,0,0,0
36.4,0.0,98.0,12.4,0.4,9.6,36.9,Paddy,Sandy Loam,Critical Deficit,1,0,0,0
30.4,0.0,80.3,28.1,0.6,45.9,28.1,Wheat,Black Soil,Adequate,0,0,0,0
36.1,0.0,20.7,20.0,3.8,6.5,36.2,Maize,Sandy Loam,Critical Deficit,1,0,1,0
30.6,49.0,58.9,24.8,10.8,36.7,29.2,Mustard,Clayey Loam,Low / Moderate Deficit,0,0,0,1
44.7,22.8,77.6,47.8,12.8,227.5,44.8,Sugarcane,Red Soil,Saturated,0,1,1,0
35.7,0.0,48.1,20.1,7.5,73.0,35.5,Pulses,Clayey Loam,Adequate,0,0,0,0
30.7,0.0,69.8,13.9,6.5,9.2,29.7,Sugarcane,Clayey Loam,Critical Deficit,1,0,0,0
28.3,27.3,73.5,33.2,8.0,63.4,30.2,Wheat,Black Soil,Low / Moderate Deficit,0,0,0,0
43.3,0.0,37.7,14.9,4.0,1.4,44.0,Wheat,Red Soil,Critical Deficit,1,0,1,0
35.8,8.9,98.0,16.9,22.6,2.0,35.8,Mustard,Clayey Loam,Critical Deficit,1,0,0,0
40.1,0.0,50.0,28.4,14.2,37.8,42.5,Maize,Alluvial Soil,Adequate,0,0,1,0
23.4,0.0,47.2,20.4,0.2,72.0,23.5,Soybean,Sandy Loam,Adequate,0,0,0,0
40.1,11.0,75.7,24.1,5.3,43.6,39.3,Paddy,Clayey Loam,Adequate,0,0,1,0
35.2,0.0,27.7,32.9,9.8,31.1,36.2,Paddy,Alluvial Soil,Adequate,0,0,0,0
29.9,0.0,66.9,40.2,0.4,35.8,31.0,Wheat,Black Soil,Low / Moderate Deficit,0,0,0,0
34.9,0.0,47.6,18.0,2.8,24.1,34.9,Soybean,Clayey Loam,Adequate,0,0,0,0
23.1,0.0,32.3,42.9,0.8,38.2,23.2,Sugarcane,Black Soil,Adequate,0,0,0,0
32.7,0.0,50.5,25.2,2.5,45.8,29.0,Wheat,Sandy Loam,Low / Moderate Deficit,0,0,0,0
32.2,0.0,96.0,17.7,3.8,4.8,31.4,Soybean,Alluvial Soil,Critical Deficit,1,0,0,0
34.3,0.0,62.2,30.5,2.0,29.0,31.9,Paddy,Alluvial Soil,Adequate,0,0,0,0
25.2,0.0,66.3,24.4,2.1,70.5,25.1,Mustard,Clayey Loam,Adequate,0,0,0,0
14.0,18.4,65.3,34.2,6.1,29.9,15.8,Mustard,Sandy Loam,Adequate,0,0,0,0
25.9,0.0,58.9,21.6,0.2,27.9,25.3,Paddy,Clayey Loam,Low / Moderate Deficit,1,0,0,0
35.6,0.0,87.4,20.6,6.5,31.3,34.5,Soybean,Red Soil,Adequate,0,0,0,0
35.3,0.0,72.1,27.3,26.5,51.3,32.0,Sugarcane,Sandy Loam,Low / Moderate Deficit,0,0,0,0
28.6,0.0,41.2,19.0,2.6,60.2,29.5,Pulses,Clayey Loam,Adequate,0,0,0,0
22.8,0.8,69.2,29.9,1.4,52.5,20.8,Maize,Clayey Loam,Low / Moderate Deficit,0,0,0,0
27.3,0.0,44.1,11.9,1.9,6.9,24.9,Mustard,Clayey Loam,Critical Deficit,1,0,0,0
36.9,0.0,39.8,24.5,0.9,61.4,38.3,Maize,Alluvial Soil,Low / Moderate Deficit,0,0,1,0
32.2,0.0,55.4,14.2,6.4,0.6,32.1,Wheat,Red Soil,Critical Deficit,1,0,0,0
29.3,12.8,61.7,26.4,12.3,83.1,29.3,Pulses,Red Soil,Low / Moderate Deficit,0,0,0,0
37.1,0.0,72.9,31.0,0.5,60.6,36.0,Paddy,Red Soil,Adequate,0,0,0,0
24.8,57.9,44.2,23.1,16.3,28.1,25.8,Wheat,Alluvial Soil,Adequate,0,0,0,1
39.2,0.0,69.1,14.9,3.2,13.9,37.9,Paddy,Alluvial Soil,Critical Deficit,1,0,1,0
19.6,0.0,24.9,32.1,8.6,32.8,19.1,Pulses,Black Soil,Adequate,0,0,0,0
35.2,0.0,49.5,15.5,5.6,11.3,35.6,Soybean,Black Soil,Critical Deficit,1,0,0,0
36.7,0.0,45.6,21.8,2.3,64.5,37.2,Maize,Sandy Loam,Adequate,0,0,0,0
22.8,0.0,59.3,55.2,1.6,187.9,24.1,Sugarcane,Red Soil,Saturated,0,0,0,0
31.0,0.0,44.6,26.2,1.7,72.8,29.2,Soybean,Red Soil,Adequate,0,0,0,0
24.9,0.0,48.8,31.6,3.2,73.0,23.6,Sugarcane,Clayey Loam,Low / Moderate Deficit,0,0,0,0
34.1,0.0,20.2,26.9,5.7,20.7,34.6,Paddy,Red Soil,Low / Moderate Deficit,0,0,0,0
36.8,0.0,74.1,18.6,15.9,45.0,36.8,Cotton,Alluvial Soil,Low / Moderate Deficit,1,0,0,0
27.3,0.0,53.6,22.6,0.0,45.2,26.7,Sugarcane,Sandy Loam,Low / Moderate Deficit,0,0,0,0
26.8,21.8,65.5,22.0,1.4,9.0,26.3,Cotton,Sandy Loam,Critical Deficit,0,0,0,0
24.0,0.0,66.9,25.5,4.1,44.3,26.0,Sugarcane,Sandy Loam,Adequate,0,0,0,0
29.5,0.0,57.8,28.9,4.0,61.4,32.3,Soybean,Black Soil,Adequate,0,0,0,0
31.8,0.0,35.2,29.3,0.5,58.1,34.3,Mustard,Red Soil,Low / Moderate Deficit,0,0,0,0
27.5,0.0,69.5,45.0,1.9,240.0,26.3,Soybean,Black Soil,Saturated,0,0,0,0
29.8,0.0,91.9,21.4,32.7,59.7,30.5,Sugarcane,Alluvial Soil,Adequate,0,0,0,0
32.1,1.1,62.2,29.7,1.0,78.9,30.9,Sugarcane,Black Soil,Low / Moderate Deficit,0,0,0,0
28.2,0.0,88.2,21.8,1.7,24.1,28.2,Mustard,Alluvial Soil,Adequate,0,0,0,0
15.5,0.0,75.9,25.4,57.5,80.9,16.3,Wheat,Red Soil,Adequate,0,0,0,1
35.3,0.0,43.5,18.3,0.9,56.7,36.2,Wheat,Alluvial Soil,Adequate,0,0,0,0
20.3,3.0,81.0,54.5,6.4,179.8,19.6,Paddy,Red Soil,Saturated,0,0,0,0
36.1,0.0,18.9,18.0,2.4,75.0,36.9,Cotton,Clayey Loam,Adequate,0,0,1,0
23.3,35.6,71.7,19.9,15.4,71.2,24.8,Wheat,Clayey Loam,Adequate,0,0,0,0
17.2,0.0,59.3,29.8,2.4,21.2,18.4,Soybean,Sandy Loam,Adequate,0,0,0,0
27.0,0.0,47.6,27.2,2.5,55.9,29.4,Mustard,Clayey Loam,Low / Moderate Deficit,0,0,0,0
28.9,19.2,98.0,57.2,43.2,244.3,28.0,Mustard,Red Soil,Saturated,0,1,0,1
35.5,0.0,48.0,14.7,3.0,13.7,37.4,Mustard,Sandy Loam,Critical Deficit,1,0,0,0
35.9,0.0,71.8,23.4,48.7,83.9,36.6,Mustard,Alluvial Soil,Adequate,0,0,0,0
24.3,0.0,67.6,25.1,2.9,82.9,26.4,Cotton,Sandy Loam,Adequate,0,0,0,0
36.9,38.5,85.8,56.7,13.9,205.1,40.8,Pulses,Clayey Loam,Saturated,0,1,0,0
25.2,0.0,70.7,35.8,42.7,40.4,25.7,Wheat,Alluvial Soil,Adequate,0,0,0,0
17.3,0.0,49.1,19.0,5.3,66.3,16.5,Paddy,Alluvial Soil,Low / Moderate Deficit,1,0,0,0
26.6,0.0,52.6,29.6,1.8,60.4,28.5,Mustard,Alluvial Soil,Adequate,0,0,0,0
32.4,0.0,59.6,27.9,0.4,64.6,34.2,Soybean,Black Soil,Low / Moderate Deficit,0,0,0,0
28.7,0.0,49.3,31.4,0.7,69.6,28.4,Sugarcane,Black Soil,Low / Moderate Deficit,0,0,0,0
32.1,0.0,68.8,53.6,3.3,197.3,31.7,Maize,Sandy Loam,Saturated,0,0,0,0
19.8,0.0,19.0,26.5,2.4,27.2,19.7,Pulses,Red Soil,Adequate,0,0,0,0
32.0,0.0,63.4,38.1,5.9,69.0,31.6,Sugarcane,Black Soil,Adequate,0,0,0,0
35.3,0.0,50.5,27.0,6.2,55.1,34.3,Cotton,Sandy Loam,Adequate,0,0,0,0
29.9,0.0,54.5,28.7,2.7,68.3,28.3,Mustard,Black Soil,Adequate,0,0,0,0
32.6,0.0,76.2,54.9,55.7,95.5,31.6,Sugarcane,Red Soil,Saturated,0,1,0,1
30.4,32.0,80.9,53.1,22.8,222.7,31.4,Paddy,Red Soil,Saturated,0,1,0,0
26.9,0.0,64.3,32.7,1.9,30.7,25.6,Mustard,Black Soil,Adequate,0,0,0,0
39.8,12.9,73.4,15.2,2.8,9.8,36.2,Soybean,Clayey Loam,Critical Deficit,1,0,1,0
35.4,0.7,56.1,15.4,2.8,7.0,35.9,Wheat,Alluvial Soil,Critical Deficit,1,0,0,0
26.6,0.0,98.0,18.9,16.1,12.8,30.1,Cotton,Clayey Loam,Critical Deficit,1,0,0,0
28.1,0.0,27.7,21.9,0.7,38.1,27.9,Cotton,Red Soil,Low / Moderate Deficit,1,0,0,0
30.8,0.0,84.0,24.6,21.4,80.4,29.9,Mustard,Clayey Loam,Adequate,0,0,0,0
33.5,0.0,66.3,27.8,0.9,66.7,35.0,Maize,Black Soil,Adequate,0,0,0,0
34.9,36.9,69.6,31.5,7.4,63.1,35.8,Sugarcane,Alluvial Soil,Low / Moderate Deficit,0,0,0,0
35.5,0.0,62.1,14.4,1.2,9.7,37.8,Maize,Red Soil,Critical Deficit,1,0,0,0
30.3,2.2,98.0,27.7,4.2,68.2,28.7,Wheat,Alluvial Soil,Low / Moderate Deficit,0,0,0,0
19.8,0.0,48.4,10.1,2.6,10.9,20.9,Maize,Red Soil,Critical Deficit,1,0,0,0
28.2,14.1,79.5,18.0,49.5,45.0,28.9,Cotton,Sandy Loam,Adequate,0,0,0,0
27.8,0.0,64.2,15.2,0.0,5.9,27.7,Paddy,Sandy Loam,Critical Deficit,1,0,0,0
23.4,0.0,56.1,32.9,1.3,42.1,25.5,Mustard,Alluvial Soil,Adequate,0,0,0,0
36.7,0.0,38.7,36.3,1.4,29.1,36.0,Pulses,Red Soil,Adequate,0,0,0,0
19.4,0.0,33.9,12.7,0.5,12.5,19.3,Maize,Red Soil,Critical Deficit,1,0,0,0
14.3,0.0,38.0,26.2,2.4,29.9,13.1,Maize,Alluvial Soil,Adequate,0,0,0,0
45.8,0.0,27.5,50.3,0.9,222.3,47.3,Cotton,Clayey Loam,Saturated,0,0,1,0
42.2,32.0,61.5,26.8,19.7,85.0,40.4,Maize,Red Soil,Adequate,0,0,1,0
31.8,0.0,76.2,14.7,24.2,0.6,29.9,Maize,Alluvial Soil,Critical Deficit,1,0,0,0
31.5,0.0,68.4,16.9,6.1,1.9,30.9,Cotton,Clayey Loam,Critical Deficit,1,0,0,0
30.1,25.3,71.8,15.7,16.9,7.8,27.2,Cotton,Sandy Loam,Critical Deficit,1,0,0,0
46.3,0.0,55.1,19.6,11.8,11.5,45.8,Soybean,Red Soil,Critical Deficit,1,0,1,0
23.9,0.0,45.7,18.2,0.9,11.4,22.6,Sugarcane,Clayey Loam,Critical Deficit,1,0,0,0
30.5,0.0,79.4,21.8,25.9,67.6,32.0,Soybean,Clayey Loam,Adequate,0,0,0,0
37.3,0.1,34.1,37.8,8.3,77.5,38.0,Soybean,Black Soil,Low / Moderate Deficit,0,0,0,0
39.2,0.0,47.5,37.7,3.5,57.5,40.4,Paddy,Alluvial Soil,Adequate,0,0,1,0
25.7,0.0,66.1,18.0,0.8,66.2,25.6,Mustard,Alluvial Soil,Adequate,0,0,0,0
20.4,0.0,46.4,25.4,0.9,74.7,19.9,Mustard,Sandy Loam,Low / Moderate Deficit,0,0,0,0
38.9,0.0,51.4,34.2,3.8,73.4,40.5,Cotton,Black Soil,Adequate,0,0,1,0
14.9,6.5,92.4,13.0,8.6,13.8,15.2,Soybean,Sandy Loam,Critical Deficit,1,0,0,0
33.3,0.0,74.6,29.2,12.9,58.6,34.7,Mustard,Alluvial Soil,Adequate,0,0,0,0
32.9,0.0,56.9,15.5,8.0,8.5,33.1,Cotton,Alluvial Soil,Critical Deficit,1,0,0,0
18.7,0.0,38.6,18.2,3.4,12.7,18.9,Wheat,Sandy Loam,Critical Deficit,1,0,0,0
33.3,0.0,53.5,27.3,1.0,81.4,32.1,Pulses,Alluvial Soil,Adequate,0,0,0,0
30.0,0.0,42.5,13.0,6.0,9.5,29.9,Cotton,Clayey Loam,Critical Deficit,1,0,0,0
28.3,0.0,65.9,20.0,1.6,76.5,30.4,Paddy,Sandy Loam,Adequate,0,0,0,0
34.0,0.0,57.0,32.9,4.0,57.6,36.9,Soybean,Black Soil,Low / Moderate Deficit,0,0,0,0
36.0,0.0,69.3,26.8,2.4,35.7,35.0,Maize,Sandy Loam,Adequate,0,0,0,0
28.6,0.0,42.1,39.5,1.6,20.6,29.8,Soybean,Alluvial Soil,Adequate,0,0,0,0
42.1,0.0,63.9,52.5,4.5,246.2,44.4,Paddy,Black Soil,Saturated,0,0,1,0
20.9,0.0,35.6,18.0,1.7,68.0,19.0,Paddy,Clayey Loam,Adequate,0,0,0,0
40.6,0.0,93.1,17.1,19.9,8.2,41.8,Pulses,Sandy Loam,Critical Deficit,1,0,1,0
24.4,0.0,48.0,16.9,6.9,9.0,24.6,Mustard,Black Soil,Critical Deficit,1,0,0,0
30.1,0.0,64.2,12.2,0.2,2.9,29.2,Maize,Sandy Loam,Critical Deficit,1,0,0,0
32.4,30.0,85.4,20.7,25.3,3.9,30.9,Wheat,Black Soil,Critical Deficit,1,0,0,0
31.8,21.1,91.4,25.0,29.3,35.0,33.0,Cotton,Sandy Loam,Adequate,0,0,0,0
20.4,0.0,63.3,51.2,3.4,219.1,19.9,Mustard,Black Soil,Saturated,0,0,0,0
43.7,0.0,32.0,26.8,2.0,28.9,44.7,Wheat,Alluvial Soil,Adequate,0,0,1,0
39.7,0.0,40.2,8.2,3.0,14.3,39.6,Paddy,Clayey Loam,Critical Deficit,1,0,1,0
34.9,0.0,58.6,38.2,0.7,43.1,36.0,Soybean,Black Soil,Adequate,0,0,0,0
36.3,0.0,54.3,23.6,1.1,70.8,34.0,Cotton,Red Soil,Adequate,0,0,0,0
28.1,7.9,60.0,28.8,7.8,34.4,26.2,Sugarcane,Alluvial Soil,Low / Moderate Deficit,0,0,0,0
26.4,9.3,73.7,16.0,56.3,7.7,27.3,Sugarcane,Alluvial Soil,Critical Deficit,1,0,0,1
29.5,0.0,47.9,10.5,2.9,12.7,31.9,Pulses,Black Soil,Critical Deficit,1,0,0,0
32.9,56.4,71.8,18.5,4.0,48.0,34.0,Cotton,Alluvial Soil,Low / Moderate Deficit,1,0,0,1
19.1,0.0,46.3,18.6,0.5,12.7,18.9,Mustard,Red Soil,Critical Deficit,1,0,0,0
21.5,0.0,63.8,22.4,1.1,61.3,21.6,Maize,Clayey Loam,Low / Moderate Deficit,0,0,0,0
29.3,31.6,78.6,30.4,1.2,42.9,30.4,Paddy,Sandy Loam,Adequate,0,0,0,0
26.4,0.0,59.1,18.9,8.0,8.0,23.1,Sugarcane,Red Soil,Critical Deficit,1,0,0,0
38.2,0.0,44.8,34.8,0.7,77.4,37.9,Maize,Black Soil,Adequate,0,0,1,0
34.1,0.0,39.3,45.1,5.7,142.0,33.1,Soybean,Sandy Loam,Saturated,0,0,0,0
27.8,0.0,45.2,29.2,1.6,55.3,26.7,Cotton,Red Soil,Adequate,0,0,0,0
39.0,5.6,50.9,39.7,2.2,51.3,36.9,Mustard,Black Soil,Adequate,0,0,1,0
24.5,0.0,65.9,48.6,4.6,245.6,25.3,Cotton,Sandy Loam,Saturated,0,0,0,0
28.1,0.0,92.3,29.0,29.7,37.8,28.7,Pulses,Alluvial Soil,Low / Moderate Deficit,0,0,0,0
22.2,0.0,38.0,41.3,5.8,56.5,23.6,Paddy,Black Soil,Adequate,0,0,0,0
37.7,0.0,15.0,36.5,7.1,60.0,37.2,Pulses,Black Soil,Adequate,0,0,0,0
30.3,0.0,98.0,18.0,19.1,40.1,32.3,Wheat,Clayey Loam,Adequate,0,0,0,0
32.5,0.0,54.5,46.0,3.4,220.6,34.0,Mustard,Clayey Loam,Saturated,0,0,0,0
32.6,0.0,56.7,18.0,12.0,30.6,33.6,Cotton,Clayey Loam,Adequate,0,0,0,0
22.6,0.0,52.2,41.1,8.2,59.4,22.3,Cotton,Black Soil,Adequate,0,0,0,0
28.5,0.0,48.9,22.0,0.2,83.8,26.6,Mustard,Red Soil,Adequate,0,0,0,0
32.5,0.0,57.0,27.4,0.0,26.7,32.4,Sugarcane,Red Soil,Low / Moderate Deficit,0,0,0,0
22.0,0.0,64.3,48.8,0.7,186.9,22.1,Wheat,Clayey Loam,Saturated,0,0,0,0
34.8,0.0,98.0,27.9,3.9,80.2,35.3,Wheat,Black Soil,Low / Moderate Deficit,0,0,0,0
27.6,14.5,93.7,19.6,25.7,56.6,29.8,Sugarcane,Red Soil,Adequate,0,0,0,0
34.7,0.0,98.0,34.2,4.8,59.8,33.2,Cotton,Black Soil,Low / Moderate Deficit,0,0,0,0
32.3,0.0,36.1,23.6,3.4,57.9,32.2,Paddy,Red Soil,Low / Moderate Deficit,0,0,0,0
29.3,0.0,69.0,13.4,0.6,11.2,29.1,Cotton,Black Soil,Critical Deficit,1,0,0,0
27.4,0.0,31.1,45.5,0.0,61.4,29.5,Pulses,Black Soil,Adequate,0,0,0,0
32.2,5.1,70.2,19.5,6.0,24.1,31.0,Wheat,Alluvial Soil,Low / Moderate Deficit,1,0,0,0
39.7,54.5,77.9,28.0,45.6,80.6,40.4,Maize,Alluvial Soil,Low / Moderate Deficit,0,0,1,1
35.2,0.0,76.0,18.0,1.8,8.8,34.9,Maize,Red Soil,Critical Deficit,1,0,0,0
36.0,0.0,55.7,48.0,5.4,29.4,35.9,Cotton,Black Soil,Low / Moderate Deficit,0,0,0,0
39.0,0.0,60.0,18.0,0.7,50.5,41.4,Pulses,Sandy Loam,Adequate,0,0,1,0
35.9,9.5,41.9,25.3,7.7,71.1,34.4,Mustard,Sandy Loam,Adequate,0,0,0,0
34.9,0.0,69.8,36.2,4.9,36.6,31.9,Sugarcane,Clayey Loam,Low / Moderate Deficit,0,0,0,0
26.0,0.0,78.1,18.1,76.3,52.9,24.0,Maize,Alluvial Soil,Low / Moderate Deficit,1,0,0,1
27.2,0.0,78.6,33.1,39.6,50.0,28.4,Pulses,Black Soil,Adequate,0,0,0,0
27.8,0.0,26.9,33.7,3.8,47.9,24.2,Soybean,Black Soil,Adequate,0,0,0,0
30.7,1.6,91.4,20.7,0.5,26.8,28.8,Pulses,Clayey Loam,Low / Moderate Deficit,1,0,0,0
21.5,8.9,70.8,19.1,6.7,6.2,24.6,Sugarcane,Alluvial Soil,Critical Deficit,1,0,0,0
36.5,12.5,79.0,17.0,13.3,8.0,37.9,Soybean,Black Soil,Critical Deficit,1,0,0,0
29.4,0.0,73.0,16.9,18.0,10.2,28.8,Maize,Black Soil,Critical Deficit,1,0,0,0
33.2,0.0,84.0,55.7,28.0,125.5,32.9,Wheat,Black Soil,Saturated,0,1,0,0
35.5,0.0,79.3,23.4,15.6,28.3,36.0,Wheat,Sandy Loam,Low / Moderate Deficit,0,0,0,0
38.0,0.0,60.8,15.9,2.0,9.7,37.7,Soybean,Black Soil,Critical Deficit,1,0,1,0
22.0,0.0,58.4,27.2,5.7,49.3,22.1,Wheat,Red Soil,Adequate,0,0,0,0
29.6,23.5,49.7,48.5,23.4,149.1,31.8,Maize,Clayey Loam,Saturated,0,1,0,0
28.9,0.0,71.7,33.7,46.2,26.2,26.8,Paddy,Alluvial Soil,Adequate,0,0,0,0
38.6,0.0,20.2,19.4,1.3,0.2,39.8,Mustard,Black Soil,Critical Deficit,1,0,1,0
27.3,0.0,51.4,26.2,4.2,58.8,27.8,Paddy,Sandy Loam,Low / Moderate Deficit,0,0,0,0
41.2,11.6,80.0,19.9,31.5,40.4,40.2,Mustard,Alluvial Soil,Low / Moderate Deficit,1,0,1,0
35.1,0.0,57.2,26.3,0.6,44.9,34.4,Mustard,Clayey Loam,Adequate,0,0,0,0
39.3,0.0,21.0,48.7,3.0,174.6,40.4,Wheat,Alluvial Soil,Saturated,0,0,1,0
35.4,0.0,36.8,17.8,0.2,6.9,36.2,Mustard,Sandy Loam,Critical Deficit,1,0,1,0
26.2,11.2,68.2,30.6,7.7,73.6,25.9,Pulses,Sandy Loam,Low / Moderate Deficit,0,0,0,0
21.9,0.0,54.2,36.4,4.0,26.1,20.8,Sugarcane,Alluvial Soil,Low / Moderate Deficit,0,0,0,0
44.7,0.0,38.8,23.2,1.1,20.9,46.3,Mustard,Red Soil,Low / Moderate Deficit,0,0,1,0
38.0,32.7,71.3,37.1,24.2,76.2,39.5,Sugarcane,Clayey Loam,Adequate,0,0,1,0
40.6,0.0,51.1,18.1,0.8,13.9,40.8,Wheat,Red Soil,Critical Deficit,1,0,1,0
33.8,0.0,75.9,21.9,1.4,10.2,33.0,Pulses,Sandy Loam,Critical Deficit,1,0,0,0
41.8,0.0,60.1,20.5,3.1,61.3,41.1,Wheat,Red Soil,Adequate,0,0,1,0
27.6,0.0,92.8,38.1,45.4,65.5,29.6,Sugarcane,Black Soil,Adequate,0,0,0,1
24.1,0.0,98.0,45.4,4.2,237.4,24.9,Sugarcane,Sandy Loam,Saturated,0,0,0,0
27.2,9.9,57.3,18.8,0.3,13.2,27.6,Wheat,Red Soil,Critical Deficit,1,0,0,0
33.8,0.0,45.5,26.5,4.9,83.3,35.0,Soybean,Red Soil,Adequate,0,0,0,0
26.9,0.0,56.5,23.8,5.1,24.6,25.8,Mustard,Clayey Loam,Adequate,0,0,0,0
19.6,0.0,55.8,18.0,0.5,71.9,18.9,Sugarcane,Alluvial Soil,Adequate,0,0,0,0
27.7,0.0,49.6,22.7,3.4,42.3,28.2,Soybean,Clayey Loam,Adequate,0,0,0,0
35.1,11.7,87.0,18.5,37.9,20.2,33.4,Pulses,Alluvial Soil,Low / Moderate Deficit,1,0,0,1
29.8,0.0,63.4,28.1,1.0,42.6,29.0,Sugarcane,Black Soil,Adequate,0,0,0,0
23.5,2.4,70.6,52.1,20.7,165.3,23.0,Wheat,Red Soil,Saturated,0,1,0,0
27.5,0.0,78.6,14.4,13.1,11.4,24.6,Cotton,Sandy Loam,Critical Deficit,1,0,0,0
30.3,0.0,84.2,23.4,18.0,83.1,31.8,Soybean,Clayey Loam,Low / Moderate Deficit,0,0,0,0
26.0,0.0,52.8,34.8,0.5,46.4,27.8,Mustard,Black Soil,Low / Moderate Deficit,0,0,0,0
17.7,0.0,76.8,19.7,7.3,8.6,16.4,Mustard,Clayey Loam,Critical Deficit,1,0,0,0
25.9,0.0,47.8,26.8,0.9,60.8,26.5,Maize,Sandy Loam,Low / Moderate Deficit,0,0,0,0
17.5,0.0,49.5,29.4,2.0,35.5,16.5,Maize,Black Soil,Adequate,0,0,0,0
39.5,0.0,56.3,21.8,2.0,15.0,37.4,Paddy,Clayey Loam,Critical Deficit,1,0,1,0
27.7,4.1,66.9,39.5,1.2,79.2,28.0,Mustard,Alluvial Soil,Adequate,0,0,0,0
17.5,0.0,91.0,15.9,4.4,3.6,16.9,Wheat,Sandy Loam,Critical Deficit,1,0,0,0
31.5,0.0,43.9,32.3,0.6,45.5,30.8,Pulses,Sandy Loam,Low / Moderate Deficit,0,0,0,0
31.7,0.0,34.3,23.8,5.4,40.7,32.6,Paddy,Red Soil,Low / Moderate Deficit,0,0,0,0
25.7,0.0,73.4,16.3,0.8,14.0,26.1,Maize,Red Soil,Critical Deficit,1,0,0,0
23.0,0.0,80.6,17.0,73.5,4.2,23.8,Sugarcane,Red Soil,Critical Deficit,1,0,0,1
35.3,0.0,86.5,49.6,9.3,160.8,35.0,Paddy,Sandy Loam,Saturated,0,0,0,0
27.2,0.0,39.2,18.4,0.2,82.9,27.6,Cotton,Alluvial Soil,Adequate,0,0,0,0
31.6,0.0,73.1,21.1,4.9,81.2,31.1,Cotton,Alluvial Soil,Adequate,0,0,0,0
24.3,0.0,91.5,31.8,54.0,37.7,22.6,Cotton,Red Soil,Adequate,0,0,0,1
25.0,0.0,26.1,26.4,0.4,38.7,27.6,Cotton,Alluvial Soil,Adequate,0,0,0,0
21.8,2.2,95.8,23.3,19.8,67.6,22.9,Pulses,Alluvial Soil,Adequate,0,0,0,0
31.6,0.0,82.9,45.4,57.2,91.7,30.2,Sugarcane,Red Soil,Saturated,0,1,0,1
31.1,0.0,43.6,25.9,0.4,68.0,30.1,Pulses,Red Soil,Low / Moderate Deficit,0,0,0,0
24.3,15.1,61.4,24.6,8.8,42.6,25.0,Sugarcane,Red Soil,Low / Moderate Deficit,0,0,0,0
21.0,0.0,62.3,27.5,2.6,78.4,19.8,Pulses,Sandy Loam,Adequate,0,0,0,0
30.8,1.0,63.4,36.7,2.4,43.3,30.4,Pulses,Black Soil,Adequate,0,0,0,0
37.2,0.0,51.7,18.0,1.5,80.6,36.6,Maize,Red Soil,Adequate,0,0,0,0
32.0,11.6,95.2,53.8,13.1,245.4,30.5,Soybean,Clayey Loam,Saturated,0,1,0,0
29.2,0.0,47.3,36.1,2.8,25.0,29.9,Cotton,Black Soil,Low / Moderate Deficit,0,0,0,0
37.0,0.0,53.9,11.9,2.8,1.6,35.9,Paddy,Sandy Loam,Critical Deficit,1,0,0,0
36.9,9.1,83.2,26.9,5.0,22.7,36.4,Mustard,Sandy Loam,Adequate,0,0,1,0
30.9,12.6,78.3,26.4,32.9,60.9,31.9,Maize,Alluvial Soil,Adequate,0,0,0,0
23.0,0.0,21.9,22.6,3.2,69.9,22.6,Paddy,Alluvial Soil,Adequate,0,0,0,0
44.1,0.0,15.0,23.6,2.6,37.7,44.0,Soybean,Alluvial Soil,Low / Moderate Deficit,0,0,1,0
29.4,0.0,67.6,56.2,1.3,241.5,30.3,Paddy,Red Soil,Saturated,0,0,0,0
28.9,0.0,35.4,15.4,1.1,7.5,30.3,Sugarcane,Red Soil,Critical Deficit,1,0,0,0
28.2,0.0,38.2,33.8,6.8,26.5,27.1,Pulses,Black Soil,Adequate,0,0,0,0
23.2,0.4,66.2,37.9,5.4,80.2,22.7,Cotton,Black Soil,Low / Moderate Deficit,0,0,0,0
30.5,0.0,50.6,23.9,0.1,71.2,30.5,Wheat,Alluvial Soil,Adequate,0,0,0,0
32.1,0.0,58.7,12.9,1.0,13.6,33.5,Pulses,Alluvial Soil,Critical Deficit,1,0,0,0
32.6,4.6,68.5,18.0,5.1,76.6,31.7,Pulses,Sandy Loam,Adequate,0,0,0,0
32.2,0.0,69.4,28.0,2.0,34.1,35.0,Soybean,Alluvial Soil,Low / Moderate Deficit,0,0,0,0
29.0,0.0,56.9,35.2,1.3,23.7,27.7,Maize,Clayey Loam,Low / Moderate Deficit,0,0,0,0
26.3,0.0,73.4,18.0,10.6,27.9,24.7,Sugarcane,Clayey Loam,Adequate,0,0,0,0
31.7,14.2,66.5,16.4,2.8,8.0,31.1,Paddy,Red Soil,Critical Deficit,1,0,0,0
31.5,0.0,15.0,32.4,0.6,53.0,30.4,Soybean,Alluvial Soil,Adequate,0,0,0,0
27.8,0.0,87.0,52.0,24.1,193.2,31.0,Pulses,Red Soil,Saturated,0,1,0,0
26.1,0.0,52.9,18.0,2.8,50.6,26.3,Pulses,Clayey Loam,Adequate,0,0,0,0
37.1,0.0,71.5,20.7,23.1,38.7,37.1,Paddy,Sandy Loam,Adequate,0,0,0,0
34.1,0.0,59.0,47.0,3.2,194.1,35.2,Wheat,Red Soil,Saturated,0,0,0,0
28.3,0.0,21.9,33.1,1.2,25.3,28.3,Maize,Black Soil,Low / Moderate Deficit,0,0,0,0
34.1,0.0,79.9,19.5,17.0,6.0,34.9,Wheat,Sandy Loam,Critical Deficit,1,0,0,0
34.3,0.0,22.1,17.1,0.4,2.3,34.8,Pulses,Sandy Loam,Critical Deficit,1,0,0,0
35.3,0.0,72.6,55.5,23.3,188.3,34.6,Soybean,Sandy Loam,Saturated,0,1,0,0
28.6,0.0,62.6,24.0,1.2,22.8,27.0,Soybean,Red Soil,Adequate,0,0,0,0
18.2,1.8,72.8,36.4,44.5,26.7,19.2,Sugarcane,Black Soil,Low / Moderate Deficit,0,0,0,0
33.5,0.0,25.7,33.0,0.3,45.0,33.8,Sugarcane,Red Soil,Adequate,0,0,0,0
26.8,0.0,35.8,51.7,0.4,104.0,27.3,Wheat,Clayey Loam,Saturated,0,0,0,0
18.2,0.0,52.9,31.9,1.1,58.5,18.1,Mustard,Red Soil,Low / Moderate Deficit,0,0,0,0
35.1,15.3,81.7,23.1,7.4,84.7,37.1,Mustard,Red Soil,Adequate,0,0,0,0
36.7,0.0,73.1,21.2,16.9,34.7,37.8,Paddy,Clayey Loam,Low / Moderate Deficit,1,0,0,0
24.1,0.0,40.9,19.1,4.4,14.6,24.8,Mustard,Alluvial Soil,Critical Deficit,1,0,0,0
41.8,0.0,59.6,18.5,1.1,12.1,42.2,Pulses,Red Soil,Critical Deficit,1,0,1,0
38.4,0.0,35.8,28.0,0.6,43.3,41.1,Paddy,Sandy Loam,Low / Moderate Deficit,0,0,1,0
27.8,0.0,57.2,32.3,3.6,45.7,26.0,Maize,Clayey Loam,Adequate,0,0,0,0
31.3,0.0,42.4,23.9,1.4,52.9,30.6,Cotton,Alluvial Soil,Adequate,0,0,0,0
23.1,0.0,29.6,18.0,6.4,62.9,21.1,Soybean,Red Soil,Low / Moderate Deficit,1,0,0,0
16.4,0.0,38.5,21.9,0.4,37.1,15.7,Mustard,Sandy Loam,Adequate,0,0,0,0
27.6,20.3,73.1,34.0,1.0,34.0,29.0,Mustard,Clayey Loam,Adequate,0,0,0,0
18.9,0.0,76.6,25.7,19.4,79.0,17.7,Pulses,Alluvial Soil,Low / Moderate Deficit,0,0,0,0
29.6,0.0,58.6,28.0,2.7,73.8,31.8,Wheat,Sandy Loam,Adequate,0,0,0,0
28.6,0.0,72.3,18.0,5.4,84.2,30.4,Soybean,Red Soil,Low / Moderate Deficit,1,0,0,0
37.6,0.0,67.8,28.2,1.6,42.2,39.5,Wheat,Clayey Loam,Adequate,0,0,1,0
32.2,0.0,33.5,23.7,2.8,49.9,31.8,Soybean,Clayey Loam,Adequate,0,0,0,0
27.4,0.0,68.5,52.1,0.7,100.9,24.8,Soybean,Clayey Loam,Saturated,0,0,0,0
15.4,5.1,32.8,50.8,6.0,92.3,13.6,Wheat,Sandy Loam,Saturated,0,0,0,0
32.6,0.0,67.7,35.9,1.0,44.3,34.4,Cotton,Black Soil,Adequate,0,0,0,0
32.6,0.0,48.6,31.2,2.7,81.9,32.1,Pulses,Clayey Loam,Adequate,0,0,0,0
25.6,15.4,60.2,25.9,20.9,82.4,27.1,Paddy,Alluvial Soil,Adequate,0,0,0,0
42.6,52.5,70.7,22.3,46.2,31.0,42.3,Cotton,Alluvial Soil,Adequate,0,0,1,1
20.2,0.0,62.2,26.9,13.7,29.3,20.4,Cotton,Sandy Loam,Adequate,0,0,0,0
36.9,0.0,85.0,14.9,16.8,5.0,36.8,Maize,Red Soil,Critical Deficit,1,0,0,0
30.7,0.0,69.1,26.6,1.1,26.3,29.9,Soybean,Black Soil,Adequate,0,0,0,0
33.1,0.0,94.8,23.9,63.9,42.7,32.6,Soybean,Alluvial Soil,Low / Moderate Deficit,0,0,0,1
33.0,0.0,53.7,45.9,0.8,246.5,30.4,Paddy,Red Soil,Saturated,0,0,0,0
26.7,0.0,88.8,27.0,44.7,23.9,27.1,Pulses,Red Soil,Adequate,0,0,0,1
37.7,0.0,20.1,19.2,2.2,28.6,40.1,Wheat,Red Soil,Adequate,0,0,1,0
28.5,0.0,42.0,30.5,1.1,58.3,30.1,Sugarcane,Clayey Loam,Adequate,0,0,0,0
34.5,0.0,38.0,21.8,1.1,50.7,35.6,Maize,Red Soil,Adequate,0,0,0,0
37.1,0.0,45.2,18.4,0.7,48.6,37.2,Mustard,Sandy Loam,Low / Moderate Deficit,1,0,1,0
31.0,0.0,53.4,55.3,1.2,128.8,30.7,Sugarcane,Clayey Loam,Saturated,0,0,0,0
26.0,22.6,62.0,22.8,11.2,61.7,25.2,Soybean,Clayey Loam,Adequate,0,0,0,0
31.4,0.0,42.4,17.3,3.0,4.4,33.2,Cotton,Clayey Loam,Critical Deficit,1,0,0,0
27.7,0.0,52.7,47.1,1.5,58.3,25.6,Cotton,Black Soil,Adequate,0,0,0,0
21.1,0.0,61.7,43.0,1.5,71.9,22.9,Soybean,Black Soil,Adequate,0,0,0,0
43.8,0.0,33.4,29.2,3.4,77.2,45.3,Sugarcane,Black Soil,Adequate,0,0,1,0
19.1,0.0,40.9,47.1,0.1,80.6,19.3,Mustard,Black Soil,Adequate,0,0,0,0
36.0,0.0,47.4,51.6,3.5,110.9,36.6,Pulses,Clayey Loam,Saturated,0,0,0,0
21.8,0.0,66.3,46.4,1.1,68.4,20.4,Wheat,Black Soil,Low / Moderate Deficit,0,0,0,0
34.9,0.0,60.8,21.2,5.2,69.7,36.5,Paddy,Red Soil,Adequate,0,0,0,0
28.9,0.0,61.0,39.8,7.0,25.4,28.0,Soybean,Black Soil,Low / Moderate Deficit,0,0,0,0
34.7,0.0,61.5,17.3,4.6,1.5,34.3,Mustard,Sandy Loam,Critical Deficit,1,0,0,0
30.9,0.0,52.7,22.6,0.8,31.5,30.6,Soybean,Clayey Loam,Adequate,0,0,0,0
37.2,0.0,37.4,51.4,5.0,227.4,37.7,Maize,Red Soil,Saturated,0,0,0,0
35.1,0.0,80.7,23.8,51.6,75.2,37.8,Cotton,Clayey Loam,Low / Moderate Deficit,0,0,0,1
36.6,0.0,85.6,33.6,21.6,71.5,33.7,Sugarcane,Black Soil,Low / Moderate Deficit,0,0,0,0
37.3,0.0,79.0,21.6,52.9,46.5,37.8,Mustard,Red Soil,Low / Moderate Deficit,1,0,1,1
30.4,0.0,63.4,31.0,0.9,45.6,29.3,Soybean,Alluvial Soil,Adequate,0,0,0,0
29.6,0.0,64.0,8.0,1.3,13.2,31.0,Mustard,Sandy Loam,Critical Deficit,1,0,0,0
29.1,0.0,48.5,25.5,1.8,50.4,30.7,Pulses,Clayey Loam,Adequate,0,0,0,0
24.9,0.0,67.3,26.2,0.1,68.5,25.7,Maize,Clayey Loam,Low / Moderate Deficit,0,0,0,0
28.6,4.1,71.2,30.7,13.6,27.8,29.4,Cotton,Black Soil,Adequate,0,0,0,0
29.3,12.9,73.3,43.6,10.7,66.7,27.1,Soybean,Black Soil,Low / Moderate Deficit,0,0,0,0
28.5,0.0,53.2,49.2,1.0,162.4,28.8,Cotton,Sandy Loam,Saturated,0,0,0,0
31.2,0.0,63.0,25.2,3.3,22.5,30.5,Cotton,Clayey Loam,Low / Moderate Deficit,0,0,0,0
25.1,0.0,74.8,48.1,121.1,91.1,27.1,Pulses,Alluvial Soil,Saturated,0,1,0,1
26.8,0.0,78.5,18.6,0.0,35.2,25.6,Sugarcane,Alluvial Soil,Adequate,0,0,0,0
24.6,0.0,23.9,26.6,4.9,74.6,27.1,Pulses,Red Soil,Adequate,0,0,0,0
23.7,0.0,38.9,26.9,4.6,28.0,22.4,Soybean,Alluvial Soil,Adequate,0,0,0,0
32.9,0.0,51.6,51.2,0.2,226.6,33.2,Sugarcane,Alluvial Soil,Saturated,0,0,0,0
29.0,0.0,63.8,11.8,1.0,8.2,26.6,Mustard,Alluvial Soil,Critical Deficit,1,0,0,0
28.6,0.0,35.5,35.5,3.2,27.7,27.2,Pulses,Red Soil,Low / Moderate Deficit,0,0,0,0
27.0,0.0,58.3,24.2,9.3,22.8,27.6,Wheat,Red Soil,Adequate,0,0,0,0
32.4,0.0,50.1,57.3,11.9,144.8,31.6,Maize,Red Soil,Saturated,0,0,0,0
37.1,7.3,68.7,18.0,1.1,29.7,39.1,Pulses,Red Soil,Adequate,0,0,0,0
27.4,0.0,32.7,18.2,3.2,8.8,27.6,Wheat,Sandy Loam,Critical Deficit,1,0,0,0
29.2,0.0,35.1,18.0,1.4,33.0,30.0,Mustard,Red Soil,Low / Moderate Deficit,1,0,0,0
30.9,0.0,49.6,21.8,1.5,79.2,30.5,Sugarcane,Alluvial Soil,Adequate,0,0,0,0
26.8,15.2,79.2,29.2,21.8,48.8,28.0,Wheat,Black Soil,Adequate,0,0,0,0
27.2,0.0,52.3,20.0,1.2,5.1,26.2,Maize,Alluvial Soil,Critical Deficit,1,0,0,0
35.7,5.3,64.4,29.5,1.9,79.7,34.5,Wheat,Red Soil,Low / Moderate Deficit,0,0,0,0
29.6,0.0,69.7,25.9,1.3,69.5,30.9,Cotton,Alluvial Soil,Adequate,0,0,0,0
27.6,0.0,78.0,33.4,70.8,72.3,28.7,Cotton,Red Soil,Adequate,0,0,0,1
40.0,0.0,43.0,43.0,4.1,32.1,37.9,Maize,Black Soil,Adequate,0,0,1,0
27.6,8.6,98.0,18.0,2.8,59.9,28.7,Cotton,Red Soil,Adequate,0,0,0,0
41.1,0.0,64.0,33.4,1.8,20.1,40.6,Sugarcane,Black Soil,Low / Moderate Deficit,0,0,1,0
34.5,0.0,38.6,53.9,2.4,186.0,33.4,Wheat,Alluvial Soil,Saturated,0,0,0,0
19.7,0.0,46.7,18.0,2.2,27.0,19.7,Sugarcane,Alluvial Soil,Low / Moderate Deficit,1,0,0,0
23.9,0.0,49.6,17.4,2.6,1.3,23.3,Sugarcane,Red Soil,Critical Deficit,1,0,0,0
34.7,0.0,50.2,25.9,4.7,68.6,31.9,Pulses,Red Soil,Low / Moderate Deficit,0,0,0,0
30.8,0.0,64.3,19.3,0.9,26.0,31.7,Cotton,Red Soil,Low / Moderate Deficit,1,0,0,0
30.8,0.0,56.8,41.2,2.0,78.4,32.3,Wheat,Black Soil,Low / Moderate Deficit,0,0,0,0
32.2,0.0,48.7,22.3,1.2,36.2,32.2,Wheat,Clayey Loam,Adequate,0,0,0,0
21.5,0.0,61.6,24.2,0.6,62.8,20.3,Wheat,Alluvial Soil,Adequate,0,0,0,0
18.1,0.0,73.5,18.0,64.0,67.9,18.1,Soybean,Alluvial Soil,Adequate,0,0,0,1
33.6,14.5,55.8,13.4,33.7,14.6,33.6,Soybean,Clayey Loam,Critical Deficit,1,0,0,0
20.8,0.0,15.0,32.2,4.2,27.4,20.6,Mustard,Clayey Loam,Adequate,0,0,0,0
30.7,0.0,47.9,42.1,0.1,37.1,30.4,Wheat,Black Soil,Low / Moderate Deficit,0,0,0,0
43.0,0.0,34.4,20.9,1.2,43.8,42.5,Cotton,Clayey Loam,Adequate,0,0,1,0
31.1,0.0,79.1,56.8,8.4,199.6,31.2,Wheat,Sandy Loam,Saturated,0,0,0,0
25.5,0.0,50.4,18.0,1.6,24.2,25.8,Soybean,Red Soil,Adequate,0,0,0,0
24.3,0.0,60.7,26.4,7.1,75.9,26.8,Paddy,Clayey Loam,Adequate,0,0,0,0
36.4,0.0,54.2,29.6,0.1,30.4,37.3,Sugarcane,Alluvial Soil,Adequate,0,0,0,0
24.1,0.0,76.8,37.3,46.6,46.2,23.7,Maize,Clayey Loam,Adequate,0,0,0,0
20.8,0.0,57.4,22.8,0.1,29.6,17.8,Paddy,Sandy Loam,Low / Moderate Deficit,0,0,0,0
33.8,0.0,47.4,32.9,2.5,77.5,33.5,Paddy,Clayey Loam,Adequate,0,0,0,0
28.8,0.0,73.7,16.5,3.6,5.5,29.4,Sugarcane,Black Soil,Critical Deficit,1,0,0,0
33.4,0.0,37.4,13.4,18.0,3.6,31.0,Wheat,Sandy Loam,Critical Deficit,1,0,0,0
24.0,0.0,29.2,55.9,3.0,208.5,24.6,Wheat,Sandy Loam,Saturated,0,0,0,0
26.5,0.0,85.5,30.0,14.7,23.8,27.6,Soybean,Black Soil,Adequate,0,0,0,0
27.3,0.0,41.3,18.9,0.2,2.3,27.6,Maize,Alluvial Soil,Critical Deficit,1,0,0,0
30.8,21.2,15.0,24.3,27.1,83.6,30.2,Cotton,Sandy Loam,Low / Moderate Deficit,0,0,0,0
31.5,0.0,68.7,15.6,4.8,7.1,33.2,Paddy,Red Soil,Critical Deficit,1,0,0,0
34.7,0.0,67.4,28.8,1.7,34.3,35.3,Sugarcane,Sandy Loam,Low / Moderate Deficit,0,0,0,0
26.7,0.0,76.8,27.7,17.5,60.0,28.2,Soybean,Clayey Loam,Adequate,0,0,0,0
29.1,3.3,87.1,23.9,10.1,84.2,29.8,Soybean,Sandy Loam,Adequate,0,0,0,0
29.4,0.0,77.6,29.2,102.9,32.0,30.9,Wheat,Black Soil,Adequate,0,0,0,1
27.1,0.0,66.5,32.5,2.8,70.9,27.0,Maize,Black Soil,Adequate,0,0,0,0
29.0,0.0,76.9,30.4,16.2,78.1,28.6,Cotton,Clayey Loam,Low / Moderate Deficit,0,0,0,0
14.0,0.0,70.3,16.7,79.8,4.2,12.4,Wheat,Red Soil,Critical Deficit,1,0,0,1
25.2,10.4,62.7,19.9,17.9,25.7,23.5,Maize,Red Soil,Adequate,0,0,0,0
36.8,0.0,49.4,29.3,8.3,59.7,39.5,Maize,Red Soil,Adequate,0,0,0,0
30.2,0.0,52.2,27.5,4.1,82.1,29.7,Paddy,Sandy Loam,Low / Moderate Deficit,0,0,0,0
26.9,0.0,54.6,29.9,0.3,75.4,27.5,Pulses,Black Soil,Low / Moderate Deficit,0,0,0,0
31.1,0.0,22.2,19.6,1.2,68.8,32.0,Paddy,Red Soil,Adequate,0,0,0,0
31.0,0.0,98.0,31.5,85.3,29.1,31.3,Wheat,Red Soil,Adequate,0,0,0,1
39.8,0.0,71.2,18.0,2.4,76.4,38.4,Maize,Alluvial Soil,Low / Moderate Deficit,1,0,1,0
25.5,0.0,37.6,45.0,10.2,174.2,24.6,Soybean,Red Soil,Saturated,0,0,0,0
32.5,53.4,49.2,34.1,31.0,54.0,32.6,Soybean,Sandy Loam,Adequate,0,0,0,1
27.9,0.0,78.7,27.0,0.2,38.1,27.9,Sugarcane,Alluvial Soil,Low / Moderate Deficit,0,0,0,0
28.0,0.0,82.8,20.5,69.4,24.5,28.5,Wheat,Sandy Loam,Low / Moderate Deficit,1,0,0,1
23.7,0.0,62.3,14.7,0.8,10.6,21.7,Maize,Black Soil,Critical Deficit,1,0,0,0
31.8,0.0,58.8,18.2,4.8,52.9,30.5,Paddy,Clayey Loam,Adequate,0,0,0,0
27.5,0.0,78.1,25.9,9.4,20.6,27.0,Mustard,Clayey Loam,Low / Moderate Deficit,0,0,0,0
36.3,0.0,73.7,22.2,41.7,67.3,33.6,Sugarcane,Alluvial Soil,Adequate,0,0,0,0
36.5,0.0,88.9,27.5,4.3,37.9,38.8,Sugarcane,Clayey Loam,Adequate,0,0,0,0
25.2,0.0,69.9,14.7,3.8,6.7,25.1,Paddy,Clayey Loam,Critical Deficit,1,0,0,0
32.1,10.6,44.7,50.4,20.2,116.2,29.3,Maize,Alluvial Soil,Saturated,0,1,0,0
33.6,0.0,54.6,16.0,1.7,11.5,32.7,Pulses,Red Soil,Critical Deficit,1,0,0,0
30.6,0.0,54.2,17.2,1.7,2.0,27.9,Cotton,Alluvial Soil,Critical Deficit,1,0,0,0
15.8,18.9,96.8,27.6,50.6,24.9,17.5,Mustard,Sandy Loam,Low / Moderate Deficit,0,0,0,1
26.4,0.0,52.7,25.9,1.5,74.3,27.3,Wheat,Clayey Loam,Adequate,0,0,0,0
35.0,0.0,35.6,19.6,18.2,80.5,33.6,Wheat,Red Soil,Low / Moderate Deficit,1,0,1,0
27.2,0.0,34.9,26.6,0.1,77.2,26.3,Cotton,Alluvial Soil,Adequate,0,0,0,0
35.0,0.0,46.3,15.5,2.7,1.0,34.8,Pulses,Red Soil,Critical Deficit,1,0,0,0
23.6,0.0,15.0,26.6,3.1,24.3,20.7,Maize,Alluvial Soil,Adequate,0,0,0,0
36.2,0.0,69.5,50.6,3.6,144.9,36.0,Soybean,Black Soil,Saturated,0,0,0,0
30.0,0.0,66.7,41.7,4.0,28.9,30.1,Pulses,Red Soil,Adequate,0,0,0,0
41.6,0.0,49.1,23.6,0.9,66.8,41.7,Cotton,Red Soil,Adequate,0,0,1,0
32.8,0.0,98.0,18.5,28.8,13.0,34.2,Mustard,Alluvial Soil,Critical Deficit,1,0,0,0
36.9,0.9,65.3,21.8,2.6,42.7,38.4,Maize,Clayey Loam,Adequate,0,0,0,0
37.1,0.0,93.3,21.5,28.1,28.2,35.4,Pulses,Red Soil,Adequate,0,0,0,0
23.1,30.2,68.4,32.8,21.6,65.7,23.9,Soybean,Alluvial Soil,Low / Moderate Deficit,0,0,0,0
33.8,0.0,68.1,26.2,3.1,22.2,33.7,Pulses,Alluvial Soil,Adequate,0,0,0,0
24.9,12.3,70.0,32.2,61.6,69.3,24.3,Soybean,Black Soil,Adequate,0,0,0,1
32.4,0.0,42.8,55.4,0.5,210.8,34.9,Sugarcane,Sandy Loam,Saturated,0,0,0,0
31.4,0.0,59.2,30.2,1.0,36.4,28.5,Paddy,Sandy Loam,Adequate,0,0,0,0
34.1,62.1,64.8,25.9,15.1,39.6,34.7,Paddy,Sandy Loam,Adequate,0,0,0,1
28.9,0.0,43.6,27.1,0.5,32.8,27.6,Mustard,Red Soil,Adequate,0,0,0,0
38.1,0.0,37.3,31.2,3.4,37.3,40.3,Maize,Sandy Loam,Adequate,0,0,1,0
31.0,0.0,77.0,17.5,119.6,10.1,29.7,Soybean,Alluvial Soil,Critical Deficit,1,0,0,1
23.5,0.0,74.3,52.5,2.8,151.3,23.6,Paddy,Black Soil,Saturated,0,0,0,0
19.1,0.0,49.2,27.2,8.3,36.4,20.0,Sugarcane,Clayey Loam,Adequate,0,0,0,0
31.4,0.0,73.0,33.7,7.4,29.5,29.3,Sugarcane,Alluvial Soil,Adequate,0,0,0,0
39.8,0.0,31.1,23.5,0.1,73.3,40.5,Sugarcane,Red Soil,Low / Moderate Deficit,0,0,1,0
35.1,0.0,37.9,43.7,7.4,28.8,35.1,Cotton,Black Soil,Adequate,0,0,0,0
27.0,0.0,44.7,50.2,1.0,104.1,28.7,Pulses,Clayey Loam,Saturated,0,0,0,0
22.9,77.1,92.8,50.6,43.0,99.1,22.6,Wheat,Alluvial Soil,Saturated,0,1,0,1
25.2,0.0,40.9,26.0,0.2,43.5,25.3,Mustard,Sandy Loam,Low / Moderate Deficit,0,0,0,0
31.3,0.0,41.7,18.9,0.1,5.2,31.8,Wheat,Clayey Loam,Critical Deficit,1,0,0,0
33.6,43.4,75.5,23.2,4.2,61.8,33.7,Sugarcane,Alluvial Soil,Low / Moderate Deficit,0,0,0,0
23.8,0.0,51.3,30.6,6.4,42.3,25.7,Maize,Red Soil,Adequate,0,0,0,0
30.3,0.0,54.4,24.9,2.2,66.7,30.1,Mustard,Red Soil,Adequate,0,0,0,0
34.0,0.0,49.7,28.8,0.7,73.9,32.0,Paddy,Clayey Loam,Low / Moderate Deficit,0,0,0,0
32.3,0.0,75.1,28.1,16.7,43.3,30.5,Wheat,Clayey Loam,Adequate,0,0,0,0
46.6,0.0,49.3,21.2,4.8,8.8,46.0,Pulses,Black Soil,Critical Deficit,1,0,1,0
20.3,0.0,55.9,25.3,1.2,61.1,21.2,Mustard,Sandy Loam,Adequate,0,0,0,0
25.2,0.0,55.5,20.9,1.8,30.7,26.2,Soybean,Red Soil,Adequate,0,0,0,0
26.1,0.0,90.0,54.6,2.2,107.5,23.7,Wheat,Black Soil,Saturated,0,0,0,0
22.5,0.0,73.2,41.2,37.5,78.0,24.8,Pulses,Black Soil,Adequate,0,1,0,0
38.8,0.0,47.4,30.2,0.7,46.7,37.4,Maize,Black Soil,Adequate,0,0,1,0
22.4,20.5,37.5,33.9,43.6,71.4,22.1,Wheat,Black Soil,Adequate,0,0,0,0
34.7,0.0,64.7,35.4,0.4,22.4,33.0,Cotton,Black Soil,Adequate,0,0,0,0
23.5,30.2,83.2,28.0,6.1,29.6,23.6,Sugarcane,Clayey Loam,Low / Moderate Deficit,0,0,0,0
18.1,0.0,79.5,26.4,8.0,54.9,18.0,Maize,Red Soil,Adequate,0,0,0,0
34.3,0.0,62.0,35.2,5.2,49.9,33.8,Paddy,Black Soil,Adequate,0,0,0,0
30.2,0.0,95.9,27.4,16.6,31.2,28.8,Pulses,Clayey Loam,Adequate,0,0,0,0
25.3,0.0,60.6,17.6,0.9,14.7,26.0,Maize,Red Soil,Critical Deficit,1,0,0,0
26.7,0.0,66.9,15.5,2.4,12.8,25.5,Pulses,Clayey Loam,Critical Deficit,1,0,0,0
28.6,0.0,52.7,31.8,0.4,60.5,29.0,Pulses,Black Soil,Adequate,0,0,0,0
28.4,0.0,51.2,22.2,4.3,47.2,30.3,Paddy,Alluvial Soil,Low / Moderate Deficit,0,0,0,0
23.9,0.0,57.7,20.4,5.8,32.5,24.1,Maize,Sandy Loam,Adequate,0,0,0,0
32.7,0.0,20.7,41.5,4.8,42.0,31.9,Pulses,Black Soil,Adequate,0,0,0,0
30.8,0.0,64.6,17.9,7.2,8.4,34.4,Cotton,Alluvial Soil,Critical Deficit,1,0,0,0
31.3,0.0,54.4,29.0,1.8,77.0,29.8,Wheat,Alluvial Soil,Low / Moderate Deficit,0,0,0,0
22.8,0.0,81.7,18.0,5.1,67.5,22.8,Mustard,Sandy Loam,Adequate,0,0,0,0
29.6,0.0,31.1,18.6,3.8,73.2,33.2,Cotton,Sandy Loam,Low / Moderate Deficit,1,0,0,0
26.4,0.0,44.6,22.2,2.2,28.0,25.9,Wheat,Alluvial Soil,Adequate,0,0,0,0
30.5,0.0,74.4,30.2,30.3,23.4,28.7,Pulses,Red Soil,Adequate,0,0,0,0
30.3,0.0,86.8,20.0,4.1,69.2,28.1,Maize,Sandy Loam,Adequate,0,0,0,0
34.1,0.0,57.5,18.0,4.9,27.0,33.3,Wheat,Red Soil,Adequate,0,0,0,0
30.3,0.0,37.0,25.7,2.9,55.1,31.2,Maize,Red Soil,Low / Moderate Deficit,0,0,0,0
33.9,0.0,45.9,29.9,3.3,21.0,33.9,Maize,Sandy Loam,Low / Moderate Deficit,0,0,0,0
29.5,0.0,47.3,18.0,2.5,49.9,31.0,Pulses,Clayey Loam,Low / Moderate Deficit,1,0,0,0
48.0,0.0,84.5,31.4,4.7,58.6,46.5,Cotton,Black Soil,Low / Moderate Deficit,0,0,1,0
25.7,0.0,55.6,24.9,0.3,85.0,25.7,Cotton,Sandy Loam,Adequate,0,0,0,0
30.3,0.0,77.5,15.9,36.4,4.7,31.5,Pulses,Red Soil,Critical Deficit,1,0,0,0
23.6,0.0,74.4,25.9,2.8,56.8,21.0,Sugarcane,Alluvial Soil,Low / Moderate Deficit,0,0,0,0
23.0,0.0,28.8,35.3,1.4,52.1,19.7,Wheat,Black Soil,Low / Moderate Deficit,0,0,0,0
32.0,0.0,58.6,10.5,1.3,10.0,30.0,Maize,Red Soil,Critical Deficit,1,0,0,0
35.2,0.0,74.6,18.0,4.6,1.3,36.5,Pulses,Alluvial Soil,Critical Deficit,1,0,0,0
36.6,0.0,20.6,22.2,3.3,27.8,37.4,Paddy,Red Soil,Adequate,0,0,1,0
35.5,35.9,58.4,32.2,10.4,49.4,37.4,Soybean,Red Soil,Adequate,0,0,0,0
33.5,0.0,83.5,57.5,47.3,171.4,33.8,Wheat,Alluvial Soil,Saturated,0,1,0,0
23.3,0.0,56.9,23.5,2.3,68.4,22.5,Cotton,Red Soil,Adequate,0,0,0,0
23.5,0.0,78.6,51.7,30.3,202.5,23.5,Wheat,Clayey Loam,Saturated,0,1,0,0
31.4,0.0,38.3,19.7,0.0,12.7,28.9,Pulses,Red Soil,Critical Deficit,1,0,0,0
23.3,0.0,36.8,21.6,2.5,64.5,22.9,Cotton,Sandy Loam,Low / Moderate Deficit,1,0,0,0
29.2,0.0,46.2,41.8,3.3,76.6,27.5,Paddy,Black Soil,Adequate,0,0,0,0
21.3,0.0,47.2,51.1,0.3,212.0,19.8,Cotton,Black Soil,Saturated,0,0,0,0
38.1,0.0,83.3,24.0,13.5,83.7,37.6,Maize,Sandy Loam,Adequate,0,0,1,0
30.1,15.2,55.7,25.3,63.4,49.8,30.8,Cotton,Alluvial Soil,Low / Moderate Deficit,0,0,0,1
29.7,0.0,46.8,38.7,1.9,43.2,27.8,Maize,Clayey Loam,Low / Moderate Deficit,0,0,0,0
22.6,0.0,82.6,39.4,60.8,82.9,23.4,Pulses,Black Soil,Low / Moderate Deficit,0,0,0,1
36.3,0.0,84.5,26.5,33.0,37.3,36.3,Paddy,Clayey Loam,Adequate,0,0,0,0
37.8,0.0,75.4,36.8,3.8,75.2,35.1,Pulses,Alluvial Soil,Adequate,0,0,0,0
34.4,37.2,66.3,23.0,1.5,40.4,35.5,Mustard,Sandy Loam,Low / Moderate Deficit,0,0,0,0
29.2,0.0,52.4,50.7,1.5,151.7,27.2,Maize,Clayey Loam,Saturated,0,0,0,0
33.3,0.0,54.1,19.7,1.2,67.5,33.6,Cotton,Alluvial Soil,Low / Moderate Deficit,1,0,0,0
39.5,0.0,71.7,44.3,53.3,56.5,39.6,Mustard,Black Soil,Adequate,0,1,1,1
32.3,0.0,72.4,47.6,7.3,113.0,33.2,Maize,Black Soil,Saturated,0,0,0,0
19.7,0.0,50.0,22.0,0.2,0.9,19.7,Wheat,Red Soil,Critical Deficit,1,0,0,0
34.2,0.0,66.3,29.7,2.0,43.2,34.9,Maize,Red Soil,Adequate,0,0,0,0
24.7,0.0,72.9,60.2,39.8,210.6,25.7,Soybean,Red Soil,Saturated,0,1,0,0
27.1,0.0,98.0,24.8,0.3,81.8,25.0,Cotton,Sandy Loam,Adequate,0,0,0,0
34.5,0.0,87.9,23.0,13.2,21.7,33.1,Mustard,Red Soil,Adequate,0,0,0,0
28.4,0.0,59.7,25.9,4.9,75.5,28.5,Pulses,Alluvial Soil,Low / Moderate Deficit,0,0,0,0
33.1,0.0,67.7,28.5,2.1,67.3,32.4,Wheat,Clayey Loam,Adequate,0,0,0,0
25.8,0.0,48.1,41.2,0.6,56.1,25.2,Pulses,Black Soil,Adequate,0,0,0,0
34.8,0.0,38.8,47.1,1.8,218.8,35.4,Soybean,Red Soil,Saturated,0,0,0,0
24.8,0.0,59.8,23.9,2.1,41.7,23.1,Maize,Clayey Loam,Adequate,0,0,0,0
24.7,25.3,85.3,13.7,77.6,2.8,23.0,Maize,Clayey Loam,Critical Deficit,1,0,0,1
29.5,0.0,61.3,27.0,1.3,49.4,31.9,Pulses,Clayey Loam,Adequate,0,0,0,0
29.0,0.0,49.6,17.9,2.1,13.1,29.4,Mustard,Sandy Loam,Critical Deficit,1,0,0,0
37.6,0.0,43.4,18.5,0.9,65.2,36.9,Wheat,Alluvial Soil,Adequate,0,0,1,0
26.5,0.0,53.7,41.0,7.6,58.8,30.2,Paddy,Black Soil,Low / Moderate Deficit,0,0,0,0
19.9,0.0,56.8,14.1,6.9,1.3,20.8,Sugarcane,Red Soil,Critical Deficit,1,0,0,0
32.1,0.0,96.3,18.0,22.3,39.9,31.6,Cotton,Clayey Loam,Adequate,0,0,0,0
34.2,0.0,73.2,23.8,8.4,68.3,33.3,Soybean,Clayey Loam,Low / Moderate Deficit,0,0,0,0
34.5,0.0,61.6,38.4,0.2,36.6,33.2,Pulses,Red Soil,Low / Moderate Deficit,0,0,0,0
33.1,0.0,35.2,18.0,0.3,67.1,33.1,Wheat,Sandy Loam,Low / Moderate Deficit,1,0,0,0
24.2,0.0,50.3,30.1,1.6,28.8,22.5,Soybean,Black Soil,Low / Moderate Deficit,0,0,0,0
18.2,0.0,46.5,13.7,6.7,11.2,20.0,Paddy,Black Soil,Critical Deficit,1,0,0,0
36.6,0.0,50.1,27.0,0.2,56.1,37.7,Wheat,Black Soil,Adequate,0,0,1,0
27.5,0.0,74.1,26.2,0.4,55.3,25.6,Mustard,Black Soil,Adequate,0,0,0,0
34.1,0.0,40.6,29.9,2.5,43.1,35.9,Sugarcane,Alluvial Soil,Low / Moderate Deficit,0,0,0,0
39.4,0.0,68.2,32.9,1.1,80.4,39.1,Wheat,Alluvial Soil,Adequate,0,0,1,0
34.6,0.0,42.4,20.1,5.8,48.5,34.3,Maize,Red Soil,Low / Moderate Deficit,1,0,0,0
38.4,14.4,66.6,15.5,48.8,0.2,38.4,Pulses,Clayey Loam,Critical Deficit,1,0,1,0
24.8,0.0,70.1,27.5,14.6,71.3,24.0,Wheat,Sandy Loam,Low / Moderate Deficit,0,0,0,0
33.3,0.0,66.2,35.3,4.1,58.2,31.8,Paddy,Black Soil,Low / Moderate Deficit,0,0,0,0
31.5,0.0,81.5,20.4,8.5,30.7,30.8,Mustard,Sandy Loam,Adequate,0,0,0,0
32.6,0.0,54.5,27.0,0.4,30.7,34.0,Pulses,Alluvial Soil,Low / Moderate Deficit,0,0,0,0
28.0,0.0,90.1,23.4,1.4,52.7,24.7,Mustard,Red Soil,Adequate,0,0,0,0
32.4,0.0,66.4,20.0,5.2,40.6,30.0,Sugarcane,Sandy Loam,Low / Moderate Deficit,1,0,0,0
41.1,0.0,80.9,38.5,19.2,82.3,41.9,Mustard,Black Soil,Adequate,0,0,1,0
30.9,0.0,52.5,16.2,2.1,14.0,29.9,Mustard,Clayey Loam,Critical Deficit,1,0,0,0
34.5,1.1,74.8,39.6,18.2,45.2,33.8,Paddy,Black Soil,Low / Moderate Deficit,0,0,0,0
27.6,0.0,41.5,50.6,0.5,161.8,25.7,Sugarcane,Alluvial Soil,Saturated,0,0,0,0
36.6,0.0,33.4,21.2,7.2,79.1,36.9,Maize,Sandy Loam,Adequate,0,0,1,0
33.9,0.0,43.9,22.2,1.1,47.8,32.9,Paddy,Alluvial Soil,Adequate,0,0,0,0
22.7,0.0,42.7,36.3,0.6,21.9,22.5,Pulses,Clayey Loam,Adequate,0,0,0,0
37.0,49.7,62.1,34.6,2.8,62.9,38.8,Cotton,Black Soil,Adequate,0,0,0,1
33.0,0.0,71.8,16.6,3.0,7.9,32.6,Cotton,Red Soil,Critical Deficit,1,0,0,0
30.6,0.0,53.8,29.1,0.2,75.3,29.7,Cotton,Clayey Loam,Adequate,0,0,0,0
22.6,0.0,87.4,19.4,27.9,72.8,22.7,Soybean,Clayey Loam,Adequate,0,0,0,0
42.0,9.3,80.5,30.9,26.2,40.8,44.1,Mustard,Red Soil,Adequate,0,0,1,0
29.5,15.2,48.4,20.2,12.1,58.5,31.1,Maize,Sandy Loam,Adequate,0,0,0,0
28.8,0.0,52.9,21.0,0.5,79.0,29.9,Soybean,Clayey Loam,Adequate,0,0,0,0
31.8,0.0,74.8,16.5,8.7,4.8,28.3,Sugarcane,Red Soil,Critical Deficit,1,0,0,0
28.7,0.0,78.6,50.9,58.3,108.0,30.4,Soybean,Red Soil,Saturated,0,1,0,1
39.5,0.0,52.7,18.2,4.4,12.5,39.6,Wheat,Black Soil,Critical Deficit,1,0,1,0
23.7,0.0,15.0,33.6,0.1,80.4,23.5,Wheat,Black Soil,Adequate,0,0,0,0
35.3,19.5,70.1,20.3,12.4,5.8,33.8,Wheat,Black Soil,Critical Deficit,1,0,0,0
31.8,0.0,47.8,27.2,0.0,66.1,30.1,Pulses,Red Soil,Low / Moderate Deficit,0,0,0,0
28.6,0.0,66.2,27.6,1.1,46.1,29.8,Paddy,Clayey Loam,Adequate,0,0,0,0
34.5,0.0,35.9,28.6,6.0,52.9,32.2,Pulses,Red Soil,Low / Moderate Deficit,0,0,0,0
38.7,4.1,46.7,52.3,2.0,238.8,40.3,Cotton,Alluvial Soil,Saturated,0,0,1,0
31.3,0.0,55.3,22.0,6.9,11.7,31.6,Pulses,Black Soil,Critical Deficit,0,0,0,0
30.8,0.0,58.5,28.9,0.0,23.8,29.9,Mustard,Red Soil,Adequate,0,0,0,0
25.0,0.0,81.9,22.0,14.2,0.3,24.6,Pulses,Black Soil,Critical Deficit,0,0,0,0
26.7,0.0,55.4,13.7,7.7,5.4,27.3,Mustard,Red Soil,Critical Deficit,1,0,0,0
21.3,0.5,72.4,23.7,7.0,66.8,22.8,Pulses,Clayey Loam,Low / Moderate Deficit,0,0,0,0
30.5,0.0,35.1,26.1,4.9,57.2,29.9,Pulses,Red Soil,Adequate,0,0,0,0
36.2,0.0,61.7,24.0,2.0,41.1,35.7,Pulses,Clayey Loam,Adequate,0,0,0,0
42.0,0.0,51.8,28.7,2.0,60.7,42.6,Paddy,Alluvial Soil,Adequate,0,0,1,0
25.6,0.0,75.6,30.3,31.8,48.8,26.7,Pulses,Black Soil,Adequate,0,0,0,0
25.2,0.0,42.9,18.0,2.6,67.5,25.3,Cotton,Sandy Loam,Low / Moderate Deficit,1,0,0,0
14.0,0.0,59.6,27.3,2.9,37.9,13.2,Cotton,Clayey Loam,Low / Moderate Deficit,0,0,0,0
36.6,0.0,50.2,25.6,0.3,49.6,37.1,Maize,Clayey Loam,Low / Moderate Deficit,0,0,0,0
29.1,0.0,24.3,23.2,1.9,36.6,28.7,Sugarcane,Alluvial Soil,Adequate,0,0,0,0
34.8,0.0,74.3,19.9,54.4,50.3,33.7,Mustard,Red Soil,Adequate,0,0,0,1
35.4,44.4,65.8,18.0,8.7,69.4,34.8,Soybean,Alluvial Soil,Low / Moderate Deficit,1,0,0,0
28.4,1.9,63.5,53.8,0.0,160.2,28.5,Sugarcane,Alluvial Soil,Saturated,0,0,0,0
33.7,0.0,52.4,55.0,2.5,101.7,30.8,Sugarcane,Clayey Loam,Saturated,0,0,0,0
28.3,21.4,75.2,34.7,4.5,73.7,29.5,Pulses,Sandy Loam,Adequate,0,0,0,0
22.4,0.0,62.4,12.0,1.7,3.8,24.8,Soybean,Red Soil,Critical Deficit,1,0,0,0
20.3,0.0,53.3,23.1,3.3,43.1,16.7,Mustard,Alluvial Soil,Low / Moderate Deficit,0,0,0,0
29.1,0.0,60.8,49.7,6.2,211.3,28.7,Maize,Alluvial Soil,Saturated,0,0,0,0
22.5,0.0,69.4,16.3,2.4,12.6,22.4,Pulses,Black Soil,Critical Deficit,1,0,0,0
36.6,0.0,92.1,36.6,26.5,72.1,36.5,Maize,Black Soil,Adequate,0,0,0,0
38.9,5.3,40.1,18.0,3.8,29.8,38.1,Cotton,Sandy Loam,Adequate,0,0,1,0
26.5,0.0,56.7,30.6,0.1,81.7,29.5,Wheat,Black Soil,Adequate,0,0,0,0
41.3,3.9,57.0,13.6,0.7,8.6,42.2,Soybean,Sandy Loam,Critical Deficit,1,0,1,0
37.7,0.0,60.6,44.2,1.7,70.5,39.3,Mustard,Black Soil,Adequate,0,0,1,0
24.2,0.0,69.5,13.7,3.7,9.8,22.9,Paddy,Clayey Loam,Critical Deficit,1,0,0,0
25.7,0.0,68.6,26.9,2.2,53.7,24.7,Paddy,Clayey Loam,Adequate,0,0,0,0
23.7,0.0,43.9,29.9,1.4,64.5,22.0,Mustard,Red Soil,Adequate,0,0,0,0
41.1,0.0,82.4,24.9,56.3,66.9,41.0,Soybean,Alluvial Soil,Low / Moderate Deficit,0,0,1,1
38.3,0.0,97.0,18.3,41.9,60.7,39.9,Pulses,Clayey Loam,Adequate,0,0,1,1
22.9,0.0,98.0,15.6,1.8,5.3,21.6,Sugarcane,Clayey Loam,Critical Deficit,1,0,0,0
34.8,0.0,67.4,26.6,0.6,48.9,33.5,Cotton,Clayey Loam,Adequate,0,0,0,0
31.1,0.0,39.2,19.1,4.0,31.9,32.1,Sugarcane,Alluvial Soil,Low / Moderate Deficit,1,0,0,0
29.0,5.9,63.9,21.2,0.4,28.7,29.3,Wheat,Red Soil,Adequate,0,0,0,0
32.9,0.0,91.8,35.6,26.3,48.4,31.4,Paddy,Black Soil,Adequate,0,0,0,0
21.7,0.0,51.3,29.3,2.0,43.9,21.4,Paddy,Red Soil,Low / Moderate Deficit,0,0,0,0
32.7,0.0,78.1,35.2,10.2,45.9,34.3,Mustard,Black Soil,Adequate,0,0,0,0
18.1,0.0,47.9,18.0,1.7,64.1,18.0,Maize,Sandy Loam,Low / Moderate Deficit,1,0,0,0
32.6,5.7,74.3,52.4,6.0,228.7,36.4,Cotton,Clayey Loam,Saturated,0,0,0,0
26.1,0.0,72.3,16.5,7.3,2.8,27.6,Maize,Sandy Loam,Critical Deficit,1,0,0,0
17.3,0.0,57.3,14.0,4.1,10.8,18.9,Mustard,Clayey Loam,Critical Deficit,1,0,0,0
24.3,0.0,77.0,49.0,13.9,223.7,22.1,Wheat,Red Soil,Saturated,0,0,0,0
26.7,0.0,59.8,14.4,5.3,13.1,28.0,Soybean,Red Soil,Critical Deficit,1,0,0,0
25.7,0.0,74.6,51.5,30.4,195.9,26.6,Paddy,Sandy Loam,Saturated,0,1,0,0
22.0,0.0,56.1,17.8,2.3,10.0,23.2,Mustard,Black Soil,Critical Deficit,1,0,0,0
20.3,0.0,40.1,32.3,1.0,81.8,20.7,Mustard,Black Soil,Adequate,0,0,0,0
39.9,0.0,71.2,29.0,30.6,20.1,42.3,Mustard,Black Soil,Low / Moderate Deficit,0,0,1,0
25.0,0.0,91.7,17.5,18.4,13.4,26.1,Cotton,Red Soil,Critical Deficit,1,0,0,0
24.0,0.0,69.3,56.6,7.0,120.1,22.2,Wheat,Black Soil,Saturated,0,0,0,0
24.3,0.0,50.1,33.1,1.5,40.8,21.9,Mustard,Black Soil,Adequate,0,0,0,0
36.6,0.0,56.6,52.6,0.5,194.1,39.5,Cotton,Clayey Loam,Saturated,0,0,0,0
31.5,0.0,67.2,33.1,2.8,41.2,31.7,Sugarcane,Black Soil,Adequate,0,0,0,0
29.7,0.0,52.5,20.7,1.7,64.8,28.9,Maize,Clayey Loam,Adequate,0,0,0,0
36.3,39.8,72.6,17.5,21.1,2.8,37.1,Pulses,Sandy Loam,Critical Deficit,1,0,0,0
31.2,0.0,56.5,18.7,5.5,63.6,29.5,Maize,Clayey Loam,Low / Moderate Deficit,1,0,0,0
27.8,0.0,75.4,25.4,20.6,53.6,29.3,Paddy,Clayey Loam,Low / Moderate Deficit,0,0,0,0
43.9,0.0,70.9,29.6,2.5,40.3,45.1,Wheat,Alluvial Soil,Low / Moderate Deficit,0,0,1,0
26.1,0.0,67.7,15.7,2.6,12.7,24.5,Soybean,Black Soil,Critical Deficit,1,0,0,0
26.6,14.8,65.3,21.4,29.7,20.4,28.3,Mustard,Sandy Loam,Adequate,0,0,0,0
28.4,0.0,48.5,21.3,1.0,29.4,28.6,Soybean,Red Soil,Adequate,0,0,0,0
27.0,0.0,62.8,26.0,0.6,80.3,25.6,Soybean,Alluvial Soil,Adequate,0,0,0,0
38.3,0.0,57.0,18.0,9.6,76.8,36.6,Soybean,Red Soil,Low / Moderate Deficit,1,0,1,0
33.4,20.2,89.0,13.2,3.6,0.7,30.3,Maize,Clayey Loam,Critical Deficit,1,0,0,0
29.1,0.0,40.9,62.8,6.6,197.1,30.3,Maize,Alluvial Soil,Saturated,0,0,0,0
28.2,15.5,60.7,20.4,68.8,12.6,28.4,Cotton,Clayey Loam,Critical Deficit,1,0,0,1
32.7,0.0,56.1,33.1,4.2,48.4,33.8,Maize,Clayey Loam,Low / Moderate Deficit,0,0,0,0
35.4,0.0,35.1,19.2,1.0,7.5,34.9,Wheat,Alluvial Soil,Critical Deficit,1,0,1,0
33.9,2.9,62.8,29.1,5.8,37.5,34.8,Maize,Black Soil,Adequate,0,0,0,0
25.7,0.0,53.8,50.2,3.8,93.3,26.7,Pulses,Clayey Loam,Saturated,0,0,0,0
14.0,0.0,36.4,20.5,2.7,1.1,15.8,Cotton,Black Soil,Critical Deficit,1,0,0,0
39.5,0.0,49.0,24.0,5.8,56.4,40.2,Pulses,Alluvial Soil,Adequate,0,0,1,0
32.0,0.0,55.3,34.5,1.8,44.9,33.3,Cotton,Sandy Loam,Adequate,0,0,0,0
25.6,0.0,58.2,19.4,5.2,7.4,26.2,Soybean,Black Soil,Critical Deficit,1,0,0,0
36.5,0.0,40.6,18.0,1.1,46.7,36.3,Pulses,Clayey Loam,Adequate,0,0,0,0
20.3,15.4,47.4,28.1,12.9,48.0,19.6,Maize,Black Soil,Low / Moderate Deficit,0,0,0,0
43.8,0.0,93.6,32.6,12.2,23.5,44.0,Sugarcane,Black Soil,Adequate,0,0,1,0
27.0,0.0,70.1,12.7,9.5,7.6,26.5,Paddy,Alluvial Soil,Critical Deficit,1,0,0,0
37.2,0.0,59.4,28.1,2.0,57.5,36.7,Pulses,Red Soil,Adequate,0,0,0,0
27.3,0.0,83.1,31.1,53.1,23.2,23.7,Paddy,Red Soil,Adequate,0,0,0,1
25.5,9.5,66.5,29.9,3.1,25.2,26.3,Cotton,Black Soil,Adequate,0,0,0,0
26.4,0.0,69.0,24.8,4.4,37.1,27.9,Paddy,Black Soil,Adequate,0,0,0,0
19.2,0.0,79.7,18.3,11.3,2.5,19.6,Pulses,Red Soil,Critical Deficit,1,0,0,0
22.6,1.5,83.4,54.3,29.5,236.2,23.3,Cotton,Sandy Loam,Saturated,0,1,0,0
34.8,0.0,46.1,55.6,0.9,239.7,37.2,Pulses,Sandy Loam,Saturated,0,0,0,0
23.6,5.7,28.2,33.3,4.9,49.1,24.5,Maize,Red Soil,Adequate,0,0,0,0
35.5,0.0,51.4,17.2,3.2,13.7,34.3,Mustard,Sandy Loam,Critical Deficit,1,0,0,0
30.7,0.0,67.3,19.1,1.0,4.6,32.1,Paddy,Alluvial Soil,Critical Deficit,1,0,0,0
28.7,31.0,44.3,50.4,2.4,197.7,28.9,Paddy,Clayey Loam,Saturated,0,1,0,0
15.2,0.0,70.0,30.6,4.9,33.4,13.8,Cotton,Clayey Loam,Adequate,0,0,0,0
23.1,0.0,98.0,18.0,6.0,71.6,25.2,Pulses,Red Soil,Adequate,0,0,0,0
34.1,0.0,52.0,19.4,10.8,66.0,33.9,Cotton,Clayey Loam,Adequate,0,0,0,0
35.8,0.0,71.2,34.3,10.2,55.9,33.4,Paddy,Black Soil,Low / Moderate Deficit,0,0,0,0
17.5,0.0,55.8,18.0,2.5,67.6,15.3,Pulses,Sandy Loam,Adequate,0,0,0,0
38.3,0.0,92.2,30.1,16.6,33.9,37.7,Maize,Black Soil,Adequate,0,0,1,0
32.4,0.0,62.5,47.6,0.2,83.4,30.3,Sugarcane,Black Soil,Low / Moderate Deficit,0,0,0,0
39.0,0.0,50.1,54.4,0.9,151.8,40.0,Paddy,Clayey Loam,Saturated,0,0,1,0
29.5,17.7,69.2,53.2,28.9,92.9,28.9,Paddy,Sandy Loam,Saturated,0,1,0,0
24.6,13.6,74.6,19.7,8.6,62.6,25.0,Soybean,Sandy Loam,Adequate,0,0,0,0
46.1,0.0,74.5,22.6,16.1,40.2,46.6,Cotton,Clayey Loam,Adequate,0,0,1,0
35.9,0.0,55.5,35.3,1.5,66.1,35.1,Maize,Black Soil,Low / Moderate Deficit,0,0,0,0
23.2,0.0,45.2,49.8,5.2,203.9,24.0,Soybean,Red Soil,Saturated,0,0,0,0
25.6,0.0,98.0,34.2,32.0,32.9,27.4,Sugarcane,Red Soil,Low / Moderate Deficit,0,0,0,0
27.6,4.6,73.0,52.1,10.4,122.8,28.0,Paddy,Sandy Loam,Saturated,0,0,0,0
25.8,7.8,66.5,35.4,4.3,56.9,26.9,Maize,Alluvial Soil,Adequate,0,0,0,0
29.0,0.0,70.8,19.9,7.4,31.3,28.3,Mustard,Red Soil,Adequate,0,0,0,0
25.3,21.0,84.7,26.9,96.2,72.3,25.5,Mustard,Clayey Loam,Low / Moderate Deficit,0,0,0,1
34.2,0.0,23.5,29.2,0.4,33.2,37.9,Wheat,Clayey Loam,Low / Moderate Deficit,0,0,0,0
29.1,0.0,42.5,42.5,7.2,49.5,30.4,Maize,Black Soil,Adequate,0,0,0,0
28.3,0.0,61.8,28.8,4.7,33.3,29.6,Pulses,Clayey Loam,Adequate,0,0,0,0
27.7,0.0,45.3,55.7,2.1,95.6,27.6,Sugarcane,Black Soil,Saturated,0,0,0,0
37.8,0.0,31.6,28.5,1.3,68.2,41.6,Paddy,Alluvial Soil,Low / Moderate Deficit,0,0,0,0
35.4,0.0,28.7,38.0,1.7,65.1,35.4,Paddy,Black Soil,Adequate,0,0,0,0
32.0,0.0,66.2,21.8,3.6,3.6,27.7,Sugarcane,Clayey Loam,Critical Deficit,1,0,0,0
34.5,0.0,71.8,18.8,106.6,14.2,35.1,Maize,Sandy Loam,Critical Deficit,1,0,0,1
33.7,0.0,67.7,19.1,0.4,48.7,34.7,Sugarcane,Red Soil,Low / Moderate Deficit,1,0,0,0
29.4,0.0,80.0,23.2,24.2,71.1,31.4,Soybean,Clayey Loam,Low / Moderate Deficit,0,0,0,0
14.0,0.0,40.4,46.8,5.2,164.8,14.3,Pulses,Sandy Loam,Saturated,0,0,0,0
42.9,0.0,51.5,36.0,0.2,32.8,44.6,Maize,Black Soil,Low / Moderate Deficit,0,0,1,0
26.1,30.2,60.8,23.4,3.6,53.6,23.8,Soybean,Red Soil,Adequate,0,0,0,0
33.1,3.1,82.8,33.8,14.4,57.7,32.2,Wheat,Sandy Loam,Adequate,0,0,0,0
32.4,0.0,33.9,28.0,2.2,75.4,30.9,Soybean,Alluvial Soil,Adequate,0,0,0,0
23.7,0.0,78.5,20.7,78.2,24.2,24.5,Soybean,Sandy Loam,Low / Moderate Deficit,1,0,0,1
27.0,0.0,80.9,22.5,47.4,74.1,28.5,Sugarcane,Red Soil,Adequate,0,0,0,0
15.7,0.0,63.5,21.1,11.8,28.7,12.6,Soybean,Clayey Loam,Adequate,0,0,0,0
33.1,0.0,47.5,29.5,1.9,47.2,33.5,Sugarcane,Sandy Loam,Adequate,0,0,0,0
29.9,0.0,28.6,32.3,0.6,63.5,28.6,Wheat,Sandy Loam,Adequate,0,0,0,0
24.1,21.0,92.4,29.0,20.8,27.5,25.7,Pulses,Red Soil,Adequate,0,0,0,0
22.4,0.0,87.7,30.0,10.0,84.7,21.5,Pulses,Red Soil,Adequate,0,0,0,0
18.8,4.5,63.3,18.0,1.0,76.8,18.5,Soybean,Clayey Loam,Adequate,0,0,0,0
26.8,0.0,67.8,15.4,2.0,4.7,25.4,Maize,Alluvial Soil,Critical Deficit,1,0,0,0
30.5,0.0,61.2,19.2,6.1,47.7,28.6,Paddy,Sandy Loam,Adequate,0,0,0,0
19.5,0.0,47.5,37.8,10.8,20.0,18.4,Cotton,Black Soil,Adequate,0,0,0,0
24.8,0.0,49.4,47.5,3.7,130.4,26.5,Maize,Sandy Loam,Saturated,0,0,0,0
37.1,0.0,57.4,51.0,1.7,176.0,35.4,Cotton,Clayey Loam,Saturated,0,0,0,0
39.5,0.0,34.7,11.7,0.3,8.7,37.0,Mustard,Black Soil,Critical Deficit,1,0,1,0
29.5,0.0,78.0,31.2,22.0,62.8,30.4,Wheat,Sandy Loam,Adequate,0,0,0,0
27.0,0.0,81.5,12.9,2.5,6.1,29.7,Pulses,Sandy Loam,Critical Deficit,1,0,0,0
33.7,41.0,69.2,15.9,26.7,8.1,35.3,Sugarcane,Alluvial Soil,Critical Deficit,1,0,0,0
19.7,0.0,52.9,19.0,1.5,76.0,18.3,Wheat,Sandy Loam,Low / Moderate Deficit,1,0,0,0
22.3,3.1,77.8,22.8,9.4,70.4,22.8,Maize,Red Soil,Adequate,0,0,0,0
25.1,0.0,52.1,12.3,2.8,0.0,22.5,Cotton,Clayey Loam,Critical Deficit,1,0,0,0
29.0,0.0,38.6,29.4,3.5,77.0,27.0,Maize,Alluvial Soil,Low / Moderate Deficit,0,0,0,0
35.3,0.0,62.8,25.4,11.9,61.9,37.7,Pulses,Clayey Loam,Adequate,0,0,0,0
31.4,0.0,60.7,31.5,5.4,36.9,33.1,Maize,Black Soil,Low / Moderate Deficit,0,0,0,0
32.4,0.0,55.3,16.7,11.5,14.2,34.4,Mustard,Red Soil,Critical Deficit,1,0,0,0
28.3,0.0,82.2,8.9,7.7,6.6,30.8,Paddy,Red Soil,Critical Deficit,1,0,0,0
26.3,0.0,49.5,24.1,0.8,49.2,28.1,Pulses,Black Soil,Low / Moderate Deficit,0,0,0,0
18.2,12.4,33.3,35.6,20.2,31.5,19.0,Mustard,Sandy Loam,Adequate,0,0,0,0
21.0,7.1,59.8,26.8,0.5,29.3,23.7,Pulses,Alluvial Soil,Low / Moderate Deficit,0,0,0,0
32.3,0.0,38.8,21.5,2.6,34.5,31.9,Sugarcane,Clayey Loam,Low / Moderate Deficit,1,0,0,0
22.5,13.2,75.1,35.6,23.3,50.6,23.2,Wheat,Black Soil,Adequate,0,0,0,0
26.9,5.5,77.1,52.1,17.6,100.8,29.4,Paddy,Black Soil,Saturated,0,1,0,0
35.8,0.0,37.5,25.5,6.6,64.9,37.6,Mustard,Clayey Loam,Low / Moderate Deficit,0,0,0,0
36.9,0.0,78.9,37.5,71.4,63.3,38.6,Maize,Black Soil,Low / Moderate Deficit,0,0,0,1
33.3,0.0,46.8,26.1,1.8,45.4,33.2,Mustard,Alluvial Soil,Adequate,0,0,0,0
40.2,0.0,87.8,25.1,14.1,52.8,39.2,Cotton,Red Soil,Adequate,0,0,1,0
22.5,0.0,68.1,20.7,0.6,33.6,20.8,Sugarcane,Sandy Loam,Adequate,0,0,0,0
24.9,0.0,45.1,30.3,0.2,75.0,25.0,Mustard,Clayey Loam,Low / Moderate Deficit,0,0,0,0
24.0,5.9,82.9,19.3,36.9,4.8,23.2,Paddy,Sandy Loam,Critical Deficit,1,0,0,0
28.0,0.0,59.4,23.1,0.6,82.7,26.8,Maize,Clayey Loam,Adequate,0,0,0,0
17.8,0.0,36.2,24.6,2.1,69.6,16.2,Mustard,Alluvial Soil,Low / Moderate Deficit,0,0,0,0
39.6,0.0,65.9,18.0,0.7,63.3,39.7,Mustard,Sandy Loam,Adequate,0,0,1,0
21.1,25.6,75.6,18.0,9.4,60.8,20.7,Pulses,Red Soil,Adequate,0,0,0,0
34.1,0.0,18.7,26.1,2.6,20.5,33.3,Soybean,Alluvial Soil,Adequate,0,0,0,0
46.0,0.0,61.7,31.7,0.2,35.7,46.3,Wheat,Clayey Loam,Adequate,0,0,1,0
31.4,0.0,62.2,22.1,1.7,64.8,31.4,Cotton,Alluvial Soil,Adequate,0,0,0,0
41.5,0.0,81.0,26.9,42.5,20.8,43.0,Sugarcane,Clayey Loam,Adequate,0,0,1,0
41.6,0.0,75.3,27.3,62.3,20.3,40.3,Soybean,Clayey Loam,Adequate,0,0,1,1
28.3,0.0,47.9,18.0,0.7,22.2,31.4,Paddy,Alluvial Soil,Adequate,0,0,0,0
35.7,0.0,79.3,29.6,2.6,83.7,34.9,Soybean,Sandy Loam,Low / Moderate Deficit,0,0,0,0
27.5,0.0,44.9,24.0,0.2,79.3,28.3,Mustard,Sandy Loam,Adequate,0,0,0,0
39.6,0.0,84.4,26.7,24.8,67.6,39.6,Paddy,Sandy Loam,Low / Moderate Deficit,0,0,1,0
28.5,0.0,64.2,21.8,2.8,76.0,29.0,Mustard,Alluvial Soil,Adequate,0,0,0,0
40.8,16.2,60.3,20.2,47.0,47.4,40.4,Paddy,Clayey Loam,Low / Moderate Deficit,1,0,1,0
27.3,0.0,53.3,18.8,0.2,69.1,29.5,Pulses,Alluvial Soil,Adequate,0,0,0,0
35.9,0.0,49.5,18.0,0.7,45.9,36.6,Sugarcane,Sandy Loam,Adequate,0,0,0,0
22.4,0.0,39.2,19.2,5.7,4.0,22.9,Pulses,Alluvial Soil,Critical Deficit,1,0,0,0
30.2,0.0,55.4,17.5,2.7,1.0,32.6,Pulses,Red Soil,Critical Deficit,1,0,0,0
27.7,0.0,56.3,19.6,2.4,9.7,26.3,Cotton,Sandy Loam,Critical Deficit,1,0,0,0
37.7,0.0,85.1,19.4,0.3,81.3,39.9,Sugarcane,Clayey Loam,Low / Moderate Deficit,1,0,0,0
25.3,0.0,48.3,16.4,1.9,2.5,22.5,Wheat,Clayey Loam,Critical Deficit,1,0,0,0
35.0,0.0,40.4,8.8,2.5,2.4,36.2,Cotton,Clayey Loam,Critical Deficit,1,0,0,0
25.8,5.3,56.0,35.6,0.2,37.7,25.4,Maize,Black Soil,Adequate,0,0,0,0
31.1,0.0,25.2,10.4,2.5,10.7,29.7,Paddy,Sandy Loam,Critical Deficit,1,0,0,0
40.5,0.0,53.4,20.0,5.6,29.4,41.5,Soybean,Red Soil,Low / Moderate Deficit,1,0,1,0
28.2,9.1,30.3,52.1,2.5,221.1,29.1,Mustard,Clayey Loam,Saturated,0,0,0,0
34.3,0.0,28.1,20.7,5.9,33.1,33.3,Pulses,Red Soil,Adequate,0,0,0,0
35.2,31.3,76.1,23.8,8.1,75.7,36.1,Pulses,Clayey Loam,Low / Moderate Deficit,0,0,0,0
31.8,0.0,46.5,14.2,3.8,14.0,31.8,Cotton,Red Soil,Critical Deficit,1,0,0,0
25.3,9.2,80.9,28.3,97.7,48.1,23.3,Maize,Clayey Loam,Adequate,0,0,0,1
30.7,0.0,94.1,19.6,8.5,11.9,27.9,Wheat,Clayey Loam,Critical Deficit,1,0,0,0
33.5,0.0,56.4,18.0,1.7,65.8,33.4,Paddy,Alluvial Soil,Adequate,0,0,0,0
36.1,0.0,96.4,18.0,25.8,45.9,36.6,Sugarcane,Red Soil,Adequate,0,0,0,0
33.8,0.0,89.2,36.4,70.0,64.8,31.3,Soybean,Black Soil,Low / Moderate Deficit,0,0,0,1
38.0,0.0,67.0,28.3,4.7,54.7,37.7,Soybean,Sandy Loam,Adequate,0,0,1,0
32.6,0.0,40.5,21.4,2.1,61.2,33.4,Wheat,Clayey Loam,Adequate,0,0,0,0
36.4,0.0,36.6,17.0,1.1,1.6,34.1,Sugarcane,Black Soil,Critical Deficit,1,0,1,0
29.9,0.0,32.7,19.7,2.3,37.3,29.4,Soybean,Red Soil,Adequate,0,0,0,0
33.6,0.0,83.7,29.1,19.7,20.6,33.8,Soybean,Clayey Loam,Adequate,0,0,0,0
27.6,0.0,52.6,34.3,1.8,56.0,29.5,Paddy,Black Soil,Adequate,0,0,0,0
33.2,0.0,51.5,8.1,0.5,13.2,33.5,Wheat,Sandy Loam,Critical Deficit,1,0,0,0
33.0,0.0,44.8,27.0,1.4,71.8,30.7,Sugarcane,Red Soil,Adequate,0,0,0,0
20.0,0.0,75.9,17.7,7.1,8.0,21.8,Mustard,Red Soil,Critical Deficit,1,0,0,0
28.8,0.0,83.3,25.2,18.4,27.8,28.3,Sugarcane,Black Soil,Adequate,0,0,0,0
27.2,0.0,67.1,23.6,1.2,21.0,25.7,Paddy,Red Soil,Low / Moderate Deficit,0,0,0,0
27.6,0.0,50.2,16.8,0.6,12.5,25.0,Soybean,Red Soil,Critical Deficit,1,0,0,0
28.3,0.0,67.0,19.7,4.2,70.2,27.0,Sugarcane,Sandy Loam,Low / Moderate Deficit,1,0,0,0
33.3,0.0,48.2,24.4,2.5,34.3,33.7,Paddy,Red Soil,Adequate,0,0,0,0
22.0,0.0,75.7,32.9,55.9,73.0,22.1,Mustard,Clayey Loam,Low / Moderate Deficit,0,0,0,1
37.3,0.0,88.9,39.8,24.6,48.9,35.7,Mustard,Alluvial Soil,Low / Moderate Deficit,0,0,1,0
30.2,0.0,53.5,14.0,0.1,5.1,31.4,Soybean,Black Soil,Critical Deficit,1,0,0,0
29.8,0.0,88.6,19.9,12.7,66.3,27.9,Mustard,Clayey Loam,Adequate,0,0,0,0
29.0,0.0,98.0,46.9,73.7,188.6,27.9,Cotton,Black Soil,Saturated,0,1,0,1
25.3,0.0,58.7,47.3,5.6,235.0,23.0,Mustard,Alluvial Soil,Saturated,0,0,0,0
38.4,0.0,45.1,18.8,2.7,65.1,40.4,Paddy,Clayey Loam,Adequate,0,0,1,0
21.6,0.0,48.1,13.1,6.4,6.1,19.2,Paddy,Black Soil,Critical Deficit,1,0,0,0
26.7,0.0,75.8,18.0,18.0,67.8,27.2,Paddy,Alluvial Soil,Adequate,0,0,0,0
40.8,1.3,67.2,21.4,4.9,60.0,41.9,Wheat,Red Soil,Adequate,0,0,1,0
34.9,0.0,40.9,29.0,6.3,44.4,32.3,Sugarcane,Alluvial Soil,Adequate,0,0,0,0
33.3,0.0,78.8,34.8,1.8,26.1,34.2,Wheat,Sandy Loam,Low / Moderate Deficit,0,0,0,0
23.5,0.0,62.1,37.3,1.5,20.7,23.0,Mustard,Black Soil,Low / Moderate Deficit,0,0,0,0
28.3,16.3,49.8,23.5,2.3,23.9,28.5,Pulses,Alluvial Soil,Adequate,0,0,0,0
37.5,32.3,71.7,28.1,0.2,44.4,35.6,Pulses,Clayey Loam,Low / Moderate Deficit,0,0,0,0
34.7,0.0,51.3,32.3,5.3,65.6,35.4,Maize,Black Soil,Low / Moderate Deficit,0,0,0,0
40.4,2.9,72.1,44.0,15.2,24.5,39.2,Paddy,Black Soil,Adequate,0,0,1,0
37.6,2.9,96.7,23.0,39.3,48.5,38.5,Soybean,Sandy Loam,Adequate,0,0,0,1
35.9,0.0,69.4,26.3,13.9,49.1,35.0,Mustard,Sandy Loam,Adequate,0,0,0,0
35.3,0.0,42.3,14.5,1.0,10.9,36.7,Sugarcane,Sandy Loam,Critical Deficit,1,0,0,0
26.6,0.0,54.4,42.4,1.0,78.5,27.3,Mustard,Black Soil,Adequate,0,0,0,0
30.8,0.0,15.0,30.0,1.1,74.1,31.6,Pulses,Black Soil,Adequate,0,0,0,0
43.7,0.0,47.5,16.1,9.0,14.3,44.3,Soybean,Clayey Loam,Critical Deficit,1,0,1,0
26.1,0.0,62.4,30.5,0.5,34.2,25.3,Pulses,Alluvial Soil,Adequate,0,0,0,0
24.6,0.0,47.2,13.4,2.0,7.0,22.5,Sugarcane,Alluvial Soil,Critical Deficit,1,0,0,0
38.0,0.0,45.1,20.7,0.5,21.4,36.9,Sugarcane,Sandy Loam,Adequate,0,0,1,0
25.9,4.3,63.0,31.9,1.0,22.9,26.6,Paddy,Black Soil,Low / Moderate Deficit,0,0,0,0
38.3,0.0,83.7,21.8,2.8,8.8,38.4,Maize,Alluvial Soil,Critical Deficit,1,0,1,0
32.1,0.0,94.5,30.1,10.4,52.3,32.5,Pulses,Sandy Loam,Adequate,0,0,0,0
27.5,0.0,51.3,20.3,1.3,36.4,28.2,Paddy,Alluvial Soil,Low / Moderate Deficit,1,0,0,0
19.7,3.0,42.1,52.1,1.6,162.8,18.5,Paddy,Alluvial Soil,Saturated,0,0,0,0
32.3,0.0,49.4,15.9,0.9,5.1,28.8,Mustard,Clayey Loam,Critical Deficit,1,0,0,0
37.1,0.0,72.0,29.0,17.0,65.5,35.9,Mustard,Red Soil,Adequate,0,0,1,0
32.5,0.0,74.5,51.0,32.0,101.4,30.5,Mustard,Clayey Loam,Saturated,0,1,0,0
20.6,0.0,41.1,34.2,6.2,30.3,19.8,Mustard,Black Soil,Low / Moderate Deficit,0,0,0,0
22.5,49.6,77.3,22.7,0.5,51.4,22.4,Maize,Alluvial Soil,Adequate,0,0,0,1
22.5,0.0,60.5,31.6,5.4,82.0,27.1,Cotton,Alluvial Soil,Adequate,0,0,0,0
28.8,0.0,72.3,24.1,62.4,46.0,29.2,Mustard,Alluvial Soil,Low / Moderate Deficit,0,0,0,1
24.4,9.6,64.4,33.1,2.6,53.5,21.6,Sugarcane,Red Soil,Adequate,0,0,0,0
19.5,0.0,28.2,14.0,2.2,4.9,23.3,Paddy,Clayey Loam,Critical Deficit,1,0,0,0
29.7,0.0,69.8,36.9,0.9,40.7,28.6,Maize,Black Soil,Adequate,0,0,0,0
30.3,9.2,76.9,25.2,5.8,63.7,28.2,Soybean,Clayey Loam,Adequate,0,0,0,0
30.0,4.4,80.2,12.7,26.1,7.2,29.6,Paddy,Clayey Loam,Critical Deficit,1,0,0,0
31.2,0.0,48.3,34.1,0.4,36.9,31.4,Soybean,Clayey Loam,Low / Moderate Deficit,0,0,0,0
42.6,11.0,87.4,22.1,7.8,74.5,43.9,Maize,Alluvial Soil,Adequate,0,0,1,0
44.2,0.0,63.5,18.0,4.4,53.6,40.7,Paddy,Alluvial Soil,Low / Moderate Deficit,1,0,1,0
36.9,0.0,84.9,18.0,46.0,70.7,38.8,Maize,Alluvial Soil,Adequate,0,0,0,0
28.6,18.4,57.4,57.0,70.0,146.9,29.9,Paddy,Sandy Loam,Saturated,0,1,0,1
33.3,0.0,48.1,57.4,0.6,164.4,32.8,Mustard,Clayey Loam,Saturated,0,0,0,0
20.7,0.0,83.8,25.4,29.7,69.9,21.8,Mustard,Sandy Loam,Adequate,0,0,0,0
27.6,0.0,60.0,41.3,2.2,80.2,28.4,Sugarcane,Clayey Loam,Adequate,0,0,0,0
27.9,0.0,54.9,29.1,2.5,60.6,29.1,Cotton,Clayey Loam,Adequate,0,0,0,0
34.9,0.0,47.0,13.1,3.6,5.5,38.4,Sugarcane,Alluvial Soil,Critical Deficit,1,0,0,0
23.8,0.0,70.9,40.6,39.2,70.1,21.2,Sugarcane,Clayey Loam,Low / Moderate Deficit,0,1,0,0
34.9,0.0,43.6,21.2,5.9,46.4,35.4,Mustard,Alluvial Soil,Adequate,0,0,0,0
30.6,0.0,98.0,35.6,90.2,76.1,29.6,Cotton,Black Soil,Adequate,0,0,0,1
18.5,34.0,72.4,18.0,18.4,79.2,18.0,Soybean,Clayey Loam,Adequate,0,0,0,0
19.7,16.5,62.2,24.0,2.3,66.8,18.9,Mustard,Red Soil,Adequate,0,0,0,0
33.0,22.5,61.2,30.0,11.5,55.9,32.1,Wheat,Black Soil,Low / Moderate Deficit,0,0,0,0
34.7,0.0,71.9,27.8,21.3,68.3,34.2,Mustard,Clayey Loam,Adequate,0,0,0,0
28.8,0.0,70.1,31.8,60.3,44.1,31.6,Cotton,Red Soil,Adequate,0,0,0,1
28.9,5.5,89.3,39.5,73.8,39.8,28.5,Pulses,Black Soil,Adequate,0,0,0,1
43.4,15.6,66.4,31.3,26.0,40.2,44.5,Maize,Clayey Loam,Adequate,0,0,1,0
37.7,0.0,50.8,54.1,0.3,121.8,39.1,Cotton,Black Soil,Saturated,0,0,0,0
29.1,0.0,44.7,40.2,7.3,80.3,27.5,Mustard,Sandy Loam,Adequate,0,0,0,0
27.2,0.0,41.7,18.1,4.2,58.2,28.3,Paddy,Alluvial Soil,Adequate,0,0,0,0
27.1,0.0,98.0,16.9,31.4,2.0,26.4,Cotton,Red Soil,Critical Deficit,1,0,0,0
22.1,0.0,55.7,52.6,5.3,146.6,22.8,Paddy,Alluvial Soil,Saturated,0,0,0,0
30.7,11.7,69.3,21.6,28.1,57.9,30.3,Sugarcane,Sandy Loam,Adequate,0,0,0,0
32.7,0.0,46.1,19.3,0.9,2.7,34.0,Cotton,Alluvial Soil,Critical Deficit,1,0,0,0
37.5,0.0,72.4,16.9,54.3,5.0,37.7,Mustard,Red Soil,Critical Deficit,1,0,1,1
18.1,0.0,90.3,24.0,23.2,22.2,18.1,Paddy,Red Soil,Adequate,0,0,0,0
21.9,0.0,66.5,35.4,2.1,80.8,22.3,Mustard,Black Soil,Adequate,0,0,0,0
36.4,0.0,46.7,30.5,2.2,50.5,34.2,Wheat,Sandy Loam,Adequate,0,0,0,0
29.0,0.0,84.5,18.0,13.2,49.1,32.6,Soybean,Clayey Loam,Adequate,0,0,0,0
40.4,16.9,65.1,45.7,30.3,230.4,40.0,Mustard,Alluvial Soil,Saturated,0,1,1,0
25.0,0.0,53.4,18.0,3.0,79.1,25.8,Sugarcane,Alluvial Soil,Low / Moderate Deficit,1,0,0,0
35.6,0.0,73.9,31.3,0.4,27.0,35.8,Mustard,Black Soil,Adequate,0,0,0,0
32.5,0.0,59.8,19.6,1.6,37.5,30.9,Mustard,Sandy Loam,Adequate,0,0,0,0
14.5,0.0,54.3,17.6,2.0,10.1,11.4,Wheat,Sandy Loam,Critical Deficit,1,0,0,0
19.5,17.7,68.2,19.5,7.3,13.7,20.7,Wheat,Black Soil,Critical Deficit,1,0,0,0
32.8,0.0,54.7,24.8,0.2,75.0,34.8,Maize,Sandy Loam,Adequate,0,0,0,0
25.8,0.3,98.0,40.2,3.2,56.0,28.7,Soybean,Black Soil,Low / Moderate Deficit,0,0,0,0
29.0,0.0,72.9,16.3,37.8,12.9,31.2,Wheat,Clayey Loam,Critical Deficit,1,0,0,0
25.2,28.6,43.0,20.6,13.5,78.6,24.1,Sugarcane,Clayey Loam,Low / Moderate Deficit,1,0,0,0
26.9,0.0,98.0,15.3,61.8,5.2,25.4,Cotton,Red Soil,Critical Deficit,1,0,0,1
30.3,0.0,39.4,21.8,0.6,10.9,28.6,Mustard,Black Soil,Critical Deficit,1,0,0,0
38.9,0.0,36.3,24.6,5.7,28.9,39.0,Paddy,Alluvial Soil,Adequate,0,0,1,0
35.7,4.8,74.2,21.8,18.4,40.9,34.4,Wheat,Clayey Loam,Adequate,0,0,0,0
26.8,17.9,68.4,20.3,93.2,57.1,26.3,Maize,Sandy Loam,Adequate,0,0,0,1
32.6,0.0,25.4,21.4,3.4,11.9,33.2,Maize,Clayey Loam,Critical Deficit,1,0,0,0
17.6,0.0,62.8,37.2,1.9,70.3,19.6,Maize,Black Soil,Adequate,0,0,0,0
21.8,0.0,45.2,35.5,1.2,28.4,24.5,Wheat,Black Soil,Adequate,0,0,0,0
33.1,0.0,56.1,18.0,7.7,78.1,34.2,Wheat,Clayey Loam,Adequate,0,0,0,0
24.4,0.0,40.5,24.1,3.7,72.9,23.7,Soybean,Red Soil,Adequate,0,0,0,0
29.8,15.8,92.7,32.6,1.2,58.0,30.5,Paddy,Alluvial Soil,Low / Moderate Deficit,0,0,0,0
25.2,0.0,69.2,36.0,3.3,77.4,24.5,Wheat,Black Soil,Low / Moderate Deficit,0,0,0,0
33.1,0.0,70.7,30.1,4.2,72.4,31.8,Pulses,Sandy Loam,Adequate,0,0,0,0
31.3,0.9,52.5,18.8,0.0,39.3,34.0,Pulses,Red Soil,Adequate,0,0,0,0
33.6,0.0,57.3,33.0,2.4,36.5,33.1,Cotton,Clayey Loam,Adequate,0,0,0,0
26.5,0.0,76.6,25.5,8.6,41.7,28.3,Mustard,Black Soil,Low / Moderate Deficit,0,0,0,0
27.0,0.0,32.6,26.1,5.9,29.2,25.4,Paddy,Sandy Loam,Low / Moderate Deficit,0,0,0,0
26.9,0.0,15.0,62.7,2.2,200.3,26.3,Wheat,Sandy Loam,Saturated,0,0,0,0
25.2,0.0,55.5,42.0,6.4,43.8,24.5,Paddy,Black Soil,Adequate,0,0,0,0
30.3,2.5,68.3,22.0,2.7,35.8,30.5,Soybean,Sandy Loam,Adequate,0,0,0,0
32.4,0.0,76.5,22.4,10.6,57.0,31.2,Paddy,Sandy Loam,Adequate,0,0,0,0
29.2,0.0,84.7,13.0,47.0,6.3,26.7,Pulses,Clayey Loam,Critical Deficit,1,0,0,0
21.0,0.0,89.1,53.1,12.6,96.7,22.9,Mustard,Black Soil,Saturated,0,0,0,0
25.9,0.0,73.4,38.2,69.5,25.3,27.2,Mustard,Black Soil,Low / Moderate Deficit,0,0,0,1
28.7,0.0,36.0,17.6,1.2,4.9,29.4,Pulses,Sandy Loam,Critical Deficit,1,0,0,0
33.8,0.0,54.0,20.8,3.3,48.1,36.0,Paddy,Alluvial Soil,Adequate,0,0,0,0
33.5,0.0,67.8,20.5,0.9,64.0,35.8,Sugarcane,Clayey Loam,Low / Moderate Deficit,1,0,0,0
20.6,0.0,73.1,28.9,9.9,29.4,19.2,Cotton,Black Soil,Adequate,0,0,0,0
22.7,0.3,17.4,37.0,2.2,31.6,22.9,Soybean,Black Soil,Adequate,0,0,0,0
36.7,0.0,64.1,14.4,0.4,4.4,39.3,Mustard,Red Soil,Critical Deficit,1,0,1,0
22.3,0.0,46.5,16.5,4.4,4.8,23.2,Sugarcane,Red Soil,Critical Deficit,1,0,0,0
26.8,0.0,53.0,39.8,0.5,39.4,28.0,Wheat,Red Soil,Adequate,0,0,0,0
30.3,26.2,46.6,36.9,31.8,24.4,31.6,Paddy,Black Soil,Adequate,0,0,0,0
26.2,0.0,25.7,18.4,2.0,11.1,29.5,Pulses,Black Soil,Critical Deficit,1,0,0,0
34.7,0.0,66.7,17.4,1.6,1.1,36.9,Wheat,Sandy Loam,Critical Deficit,1,0,0,0
36.7,0.0,64.2,21.4,1.1,20.2,38.3,Maize,Clayey Loam,Adequate,0,0,0,0
32.6,3.4,67.7,19.4,1.1,9.3,30.7,Wheat,Black Soil,Critical Deficit,1,0,0,0
17.9,0.0,36.2,25.4,2.6,26.8,20.4,Cotton,Red Soil,Adequate,0,0,0,0
34.7,0.0,68.3,45.6,7.9,75.0,36.5,Wheat,Black Soil,Adequate,0,0,0,0
30.9,0.0,56.9,40.5,14.1,54.4,28.9,Soybean,Alluvial Soil,Adequate,0,0,0,0
30.4,27.0,61.7,18.0,24.6,75.9,29.6,Wheat,Sandy Loam,Adequate,0,0,0,0
27.7,0.0,62.8,24.1,0.7,41.1,28.3,Paddy,Sandy Loam,Adequate,0,0,0,0
36.4,0.0,37.6,25.9,0.9,72.1,37.4,Mustard,Alluvial Soil,Adequate,0,0,0,0
28.9,0.0,56.3,29.9,1.0,82.5,29.2,Cotton,Sandy Loam,Low / Moderate Deficit,0,0,0,0
21.3,0.0,62.3,30.0,2.4,43.9,22.4,Wheat,Black Soil,Low / Moderate Deficit,0,0,0,0
39.4,0.0,53.8,55.7,0.9,166.0,39.7,Mustard,Sandy Loam,Saturated,0,0,1,0
32.7,0.0,63.3,18.0,5.6,80.7,34.4,Mustard,Alluvial Soil,Adequate,0,0,0,0
34.5,0.0,69.4,36.1,3.9,47.5,34.7,Sugarcane,Alluvial Soil,Adequate,0,0,0,0
26.5,0.0,65.3,21.7,0.7,20.9,25.7,Pulses,Alluvial Soil,Adequate,0,0,0,0
22.8,0.0,67.9,22.4,1.9,39.4,25.3,Pulses,Sandy Loam,Low / Moderate Deficit,0,0,0,0
33.9,0.0,49.7,33.9,0.2,44.0,33.8,Soybean,Black Soil,Low / Moderate Deficit,0,0,0,0
31.6,0.0,47.6,20.7,4.2,81.8,29.7,Paddy,Alluvial Soil,Low / Moderate Deficit,1,0,0,0
30.3,0.0,31.7,18.0,3.6,49.6,28.3,Sugarcane,Alluvial Soil,Low / Moderate Deficit,1,0,0,0
35.9,0.0,53.1,12.4,2.8,11.6,35.1,Pulses,Black Soil,Critical Deficit,1,0,0,0
27.2,0.0,52.4,18.0,0.8,57.7,29.3,Paddy,Sandy Loam,Adequate,0,0,0,0
28.1,0.0,59.4,36.9,2.8,30.0,29.2,Sugarcane,Sandy Loam,Low / Moderate Deficit,0,0,0,0
25.3,0.0,81.8,34.8,1.2,34.7,24.2,Soybean,Alluvial Soil,Adequate,0,0,0,0
19.3,0.0,79.2,21.7,22.7,6.5,18.9,Paddy,Sandy Loam,Critical Deficit,1,0,0,0
34.7,57.5,71.9,26.4,17.4,67.0,35.4,Sugarcane,Red Soil,Adequate,0,0,0,1
36.9,0.0,48.8,24.1,5.1,42.2,36.6,Wheat,Alluvial Soil,Adequate,0,0,1,0
28.4,0.0,46.8,23.5,0.2,44.2,27.6,Soybean,Sandy Loam,Low / Moderate Deficit,0,0,0,0
37.6,32.2,72.8,18.8,30.6,10.5,37.9,Soybean,Red Soil,Critical Deficit,1,0,0,0
28.4,0.0,41.4,25.6,5.1,42.3,31.6,Mustard,Sandy Loam,Low / Moderate Deficit,0,0,0,0
38.4,15.1,64.2,42.8,12.7,54.0,37.8,Maize,Black Soil,Adequate,0,0,1,0
37.0,0.0,81.4,32.0,31.1,26.8,37.0,Maize,Sandy Loam,Adequate,0,0,0,0
25.7,0.0,67.4,15.6,2.8,1.6,26.3,Maize,Clayey Loam,Critical Deficit,1,0,0,0
31.0,0.0,89.4,32.6,1.7,38.3,33.7,Cotton,Alluvial Soil,Adequate,0,0,0,0
41.2,0.0,21.5,20.8,8.1,45.2,40.9,Wheat,Clayey Loam,Adequate,0,0,1,0
28.1,0.0,62.5,19.8,5.1,2.3,25.7,Mustard,Sandy Loam,Critical Deficit,1,0,0,0
27.7,0.0,46.3,28.7,2.7,59.6,29.4,Cotton,Alluvial Soil,Adequate,0,0,0,0
36.9,0.0,54.8,12.6,0.0,13.4,37.8,Maize,Black Soil,Critical Deficit,1,0,0,0
29.9,0.0,42.4,29.2,1.0,41.1,32.3,Wheat,Red Soil,Adequate,0,0,0,0
26.4,0.0,72.2,29.2,0.8,47.4,23.9,Sugarcane,Clayey Loam,Adequate,0,0,0,0
30.3,0.0,56.5,47.5,1.1,198.8,28.4,Maize,Alluvial Soil,Saturated,0,0,0,0
33.1,0.0,48.9,58.5,0.3,179.1,31.9,Wheat,Red Soil,Saturated,0,0,0,0
19.3,0.0,98.0,23.4,55.5,57.5,18.9,Sugarcane,Alluvial Soil,Adequate,0,0,0,1
33.4,0.0,57.5,22.9,3.3,80.9,35.9,Pulses,Sandy Loam,Adequate,0,0,0,0
40.7,0.0,71.5,11.9,52.7,3.2,39.2,Sugarcane,Sandy Loam,Critical Deficit,1,0,1,1
34.7,21.0,48.6,19.5,4.8,11.3,35.2,Sugarcane,Red Soil,Critical Deficit,1,0,0,0
37.7,16.1,98.0,30.2,9.5,63.9,38.2,Paddy,Clayey Loam,Adequate,0,0,0,0
31.4,0.0,61.6,16.7,6.2,14.0,32.2,Cotton,Red Soil,Critical Deficit,1,0,0,0
29.8,0.0,76.3,51.6,20.9,223.0,28.0,Wheat,Clayey Loam,Saturated,0,1,0,0
35.1,0.0,71.7,26.5,23.4,70.4,34.9,Paddy,Sandy Loam,Adequate,0,0,0,0
31.2,0.0,67.4,24.3,3.7,46.4,30.5,Paddy,Alluvial Soil,Low / Moderate Deficit,0,0,0,0
32.2,0.0,44.1,41.5,13.3,80.9,29.7,Mustard,Black Soil,Adequate,0,0,0,0
28.1,0.0,63.5,24.2,5.0,53.1,27.5,Maize,Alluvial Soil,Low / Moderate Deficit,0,0,0,0
28.6,6.4,73.1,25.6,18.9,28.5,27.6,Paddy,Black Soil,Adequate,0,0,0,0
31.9,0.0,15.0,34.3,1.7,26.8,31.6,Paddy,Sandy Loam,Adequate,0,0,0,0
27.8,0.0,23.2,54.2,3.6,248.3,29.0,Pulses,Black Soil,Saturated,0,0,0,0
31.5,0.0,58.6,23.8,1.6,78.4,31.6,Soybean,Sandy Loam,Adequate,0,0,0,0
29.6,0.0,51.8,25.3,6.3,69.0,30.8,Mustard,Red Soil,Adequate,0,0,0,0
38.6,39.5,36.7,55.0,25.7,171.3,39.0,Maize,Sandy Loam,Saturated,0,1,1,0
37.1,0.0,39.0,28.8,0.5,64.7,36.7,Cotton,Alluvial Soil,Adequate,0,0,0,0
28.7,0.0,54.9,23.8,2.9,20.9,28.4,Wheat,Alluvial Soil,Adequate,0,0,0,0
20.4,0.0,83.7,37.1,44.6,31.7,20.2,Pulses,Black Soil,Adequate,0,0,0,0
25.1,0.0,39.2,27.4,4.3,24.0,22.1,Maize,Sandy Loam,Low / Moderate Deficit,0,0,0,0
31.2,0.0,61.7,22.0,8.5,14.7,32.9,Maize,Red Soil,Critical Deficit,0,0,0,0
32.9,0.0,64.8,36.6,2.6,38.4,31.9,Maize,Black Soil,Adequate,0,0,0,0
27.6,0.0,51.5,18.2,0.4,4.9,26.8,Cotton,Alluvial Soil,Critical Deficit,1,0,0,0
39.1,0.0,31.8,25.3,7.0,34.8,39.2,Wheat,Alluvial Soil,Adequate,0,0,1,0
32.6,0.0,46.7,22.0,0.1,48.1,33.6,Pulses,Sandy Loam,Adequate,0,0,0,0
25.7,0.0,58.3,24.0,4.3,47.5,26.9,Maize,Alluvial Soil,Adequate,0,0,0,0
22.4,0.0,89.3,26.3,26.8,22.0,24.2,Maize,Red Soil,Adequate,0,0,0,0
45.8,0.0,61.1,13.8,3.3,14.4,44.2,Maize,Red Soil,Critical Deficit,1,0,1,0
30.3,41.6,65.1,56.3,21.1,154.0,29.6,Paddy,Black Soil,Saturated,0,1,0,0
18.0,0.0,70.2,21.2,22.5,61.4,16.4,Soybean,Red Soil,Low / Moderate Deficit,1,0,0,0
24.1,6.4,62.9,32.3,1.0,69.5,24.7,Mustard,Clayey Loam,Adequate,0,0,0,0
28.7,0.0,65.1,35.6,1.3,58.2,27.9,Soybean,Alluvial Soil,Adequate,0,0,0,0
29.9,0.0,55.1,15.0,3.3,3.0,27.8,Maize,Alluvial Soil,Critical Deficit,1,0,0,0
24.1,0.0,41.2,20.2,13.2,11.1,23.9,Wheat,Alluvial Soil,Critical Deficit,1,0,0,0
33.0,0.0,73.3,32.5,3.5,75.9,34.0,Maize,Alluvial Soil,Adequate,0,0,0,0
24.0,0.0,66.9,21.7,0.2,64.8,25.1,Pulses,Clayey Loam,Low / Moderate Deficit,1,0,0,0
14.0,16.1,64.5,35.9,34.0,72.1,14.1,Sugarcane,Clayey Loam,Adequate,0,0,0,0
37.1,0.0,56.1,45.3,3.9,21.2,35.5,Paddy,Black Soil,Adequate,0,0,0,0
33.2,0.0,86.9,49.4,14.0,129.1,35.2,Pulses,Red Soil,Saturated,0,0,0,0
26.4,0.0,52.5,15.7,2.6,2.0,25.3,Pulses,Black Soil,Critical Deficit,1,0,0,0
32.1,0.0,71.7,29.2,12.1,21.2,29.8,Sugarcane,Black Soil,Adequate,0,0,0,0
35.2,0.0,30.4,32.5,11.9,40.3,32.8,Wheat,Clayey Loam,Adequate,0,0,0,0
24.6,0.0,65.9,31.0,0.9,83.1,24.4,Maize,Clayey Loam,Adequate,0,0,0,0
28.8,0.0,98.0,30.8,46.7,26.5,27.8,Mustard,Alluvial Soil,Low / Moderate Deficit,0,0,0,1
31.6,0.0,49.4,28.9,2.7,69.6,30.2,Soybean,Black Soil,Low / Moderate Deficit,0,0,0,0
27.4,20.2,79.3,11.8,0.2,9.4,27.2,Cotton,Red Soil,Critical Deficit,1,0,0,0
30.2,0.0,84.2,16.7,66.6,4.4,30.6,Pulses,Clayey Loam,Critical Deficit,1,0,0,1
25.2,0.0,15.0,23.3,6.8,76.0,25.1,Paddy,Clayey Loam,Adequate,0,0,0,0
29.6,0.0,54.0,10.8,0.3,13.6,28.6,Maize,Alluvial Soil,Critical Deficit,1,0,0,0
31.3,0.0,47.4,28.8,3.3,75.7,32.3,Pulses,Black Soil,Adequate,0,0,0,0
24.6,0.0,70.3,30.5,32.4,59.2,23.8,Wheat,Sandy Loam,Adequate,0,0,0,0
28.0,0.0,39.2,15.7,1.5,14.1,30.4,Sugarcane,Clayey Loam,Critical Deficit,1,0,0,0
31.4,0.0,86.2,25.9,1.4,85.0,30.4,Pulses,Black Soil,Adequate,0,0,0,0
23.1,0.0,83.1,27.4,45.9,22.7,21.3,Cotton,Black Soil,Low / Moderate Deficit,0,0,0,0
38.5,0.0,47.4,27.6,1.4,75.5,37.4,Wheat,Alluvial Soil,Low / Moderate Deficit,0,0,1,0
33.8,0.0,76.1,17.4,10.3,14.5,31.5,Sugarcane,Clayey Loam,Critical Deficit,1,0,0,0
31.6,0.0,53.4,32.9,0.8,55.5,29.6,Cotton,Sandy Loam,Adequate,0,0,0,0
18.8,0.0,53.6,21.2,0.1,12.6,19.6,Mustard,Alluvial Soil,Critical Deficit,1,0,0,0
31.5,34.0,64.9,17.7,13.4,6.5,30.9,Sugarcane,Black Soil,Critical Deficit,1,0,0,0
30.0,0.0,56.8,22.4,4.2,25.7,27.4,Sugarcane,Red Soil,Adequate,0,0,0,0
32.5,0.0,42.5,24.7,3.4,36.3,32.6,Pulses,Sandy Loam,Low / Moderate Deficit,0,0,0,0
24.4,27.6,91.8,18.8,28.4,5.0,24.3,Pulses,Clayey Loam,Critical Deficit,1,0,0,0
30.4,4.4,85.9,31.6,26.7,81.7,29.8,Cotton,Clayey Loam,Low / Moderate Deficit,0,0,0,0
26.4,0.6,81.0,23.7,12.2,33.4,26.9,Wheat,Red Soil,Adequate,0,0,0,0
28.8,0.0,68.1,30.3,3.6,24.6,27.9,Cotton,Red Soil,Adequate,0,0,0,0
17.2,0.0,56.5,26.5,7.9,77.5,17.9,Mustard,Alluvial Soil,Adequate,0,0,0,0
36.2,0.0,73.6,25.1,3.3,77.6,38.2,Cotton,Clayey Loam,Low / Moderate Deficit,0,0,0,0
23.3,30.4,29.3,20.5,11.1,31.4,23.5,Soybean,Alluvial Soil,Adequate,0,0,0,0
21.3,0.0,43.4,19.6,19.7,11.7,22.1,Sugarcane,Clayey Loam,Critical Deficit,1,0,0,0
21.3,0.0,27.9,18.0,0.4,25.2,22.9,Wheat,Red Soil,Low / Moderate Deficit,1,0,0,0
24.9,0.0,77.4,22.8,3.2,49.0,25.3,Wheat,Alluvial Soil,Adequate,0,0,0,0
34.2,0.0,52.5,25.8,0.1,84.0,37.9,Wheat,Black Soil,Adequate,0,0,0,0
25.8,0.0,62.7,25.2,0.7,56.5,25.3,Wheat,Alluvial Soil,Adequate,0,0,0,0
24.6,0.0,66.7,38.0,4.4,69.5,23.6,Paddy,Black Soil,Adequate,0,0,0,0
31.5,0.0,83.0,18.0,3.5,65.4,31.4,Sugarcane,Alluvial Soil,Adequate,0,0,0,0
33.7,0.0,53.5,34.3,7.9,58.5,33.3,Wheat,Clayey Loam,Low / Moderate Deficit,0,0,0,0
32.0,10.1,71.0,54.7,35.1,228.8,32.2,Soybean,Red Soil,Saturated,0,1,0,0
26.0,0.0,66.1,21.9,0.9,3.9,24.5,Soybean,Alluvial Soil,Critical Deficit,1,0,0,0
28.3,0.0,52.4,20.6,13.0,55.5,27.7,Sugarcane,Red Soil,Adequate,0,0,0,0
36.3,23.7,78.2,18.0,33.6,47.5,37.3,Wheat,Sandy Loam,Adequate,0,0,0,0
33.5,0.0,88.2,36.2,35.6,84.8,32.8,Cotton,Black Soil,Low / Moderate Deficit,0,0,0,1
35.5,0.0,38.0,27.6,2.6,66.5,35.6,Cotton,Black Soil,Adequate,0,0,0,0
36.2,0.0,45.5,49.8,2.5,144.9,37.1,Paddy,Sandy Loam,Saturated,0,0,0,0
29.1,0.0,44.5,17.5,7.2,2.0,28.3,Pulses,Sandy Loam,Critical Deficit,1,0,0,0
33.0,0.0,72.7,22.1,25.1,26.4,34.0,Mustard,Alluvial Soil,Low / Moderate Deficit,0,0,0,0
26.6,0.0,77.4,37.3,8.5,27.8,28.9,Wheat,Black Soil,Low / Moderate Deficit,0,0,0,0
34.7,0.0,34.6,40.4,3.7,84.3,33.8,Mustard,Sandy Loam,Low / Moderate Deficit,0,0,0,0
35.6,0.0,79.0,18.0,15.1,22.2,32.6,Paddy,Sandy Loam,Low / Moderate Deficit,1,0,0,0
28.0,2.3,70.4,24.9,30.1,27.7,27.7,Pulses,Sandy Loam,Adequate,0,0,0,0
33.2,0.0,28.0,22.3,3.4,39.2,33.2,Cotton,Black Soil,Adequate,0,0,0,0
25.7,66.3,66.6,35.1,28.6,69.2,24.7,Paddy,Sandy Loam,Low / Moderate Deficit,0,1,0,1
28.7,0.0,59.4,17.9,2.8,12.3,28.0,Sugarcane,Sandy Loam,Critical Deficit,1,0,0,0
29.8,0.0,52.8,20.3,3.5,30.6,30.0,Pulses,Clayey Loam,Adequate,0,0,0,0
27.7,11.9,84.4,22.8,2.4,75.9,26.9,Soybean,Red Soil,Adequate,0,0,0,0
22.7,0.0,43.9,25.6,3.8,74.1,22.3,Sugarcane,Sandy Loam,Low / Moderate Deficit,0,0,0,0
24.3,3.1,84.9,30.3,3.7,71.5,24.6,Sugarcane,Clayey Loam,Adequate,0,0,0,0
35.2,0.0,45.1,34.3,1.2,30.3,33.1,Sugarcane,Sandy Loam,Adequate,0,0,0,0
29.6,0.0,75.2,25.1,3.8,27.0,29.4,Sugarcane,Alluvial Soil,Adequate,0,0,0,0
25.2,0.0,50.1,14.9,8.8,14.1,26.3,Maize,Clayey Loam,Critical Deficit,1,0,0,0
29.2,0.0,56.3,24.3,2.3,76.5,30.3,Cotton,Sandy Loam,Low / Moderate Deficit,0,0,0,0
32.6,0.0,54.2,27.5,0.7,79.5,32.2,Maize,Red Soil,Adequate,0,0,0,0
26.3,0.0,76.6,24.6,27.5,65.2,25.9,Soybean,Alluvial Soil,Low / Moderate Deficit,0,0,0,0
31.6,0.0,88.6,38.5,19.6,56.2,30.9,Wheat,Black Soil,Adequate,0,0,0,0
38.6,17.0,56.3,14.9,32.8,9.6,38.2,Wheat,Alluvial Soil,Critical Deficit,1,0,1,0
14.7,0.0,64.6,25.3,0.8,33.8,14.2,Paddy,Alluvial Soil,Low / Moderate Deficit,0,0,0,0
24.3,0.0,90.0,18.0,25.3,51.0,23.6,Paddy,Alluvial Soil,Adequate,0,0,0,0
25.8,0.0,94.9,33.0,0.8,42.5,29.0,Pulses,Sandy Loam,Low / Moderate Deficit,0,0,0,0
20.4,0.0,53.1,20.7,3.0,68.1,22.1,Mustard,Alluvial Soil,Low / Moderate Deficit,1,0,0,0
34.3,7.8,54.8,35.8,0.4,38.8,33.3,Maize,Red Soil,Adequate,0,0,0,0
33.6,7.6,65.6,42.1,4.2,77.0,33.2,Soybean,Black Soil,Adequate,0,0,0,0
28.9,0.0,66.1,22.0,3.3,4.1,27.8,Paddy,Clayey Loam,Critical Deficit,0,0,0,0
28.1,0.0,45.5,27.8,2.8,63.6,28.3,Wheat,Alluvial Soil,Adequate,0,0,0,0
28.8,2.5,61.1,14.5,0.9,2.1,24.7,Maize,Clayey Loam,Critical Deficit,1,0,0,0
31.3,0.0,23.5,18.0,5.5,81.5,33.6,Pulses,Red Soil,Adequate,0,0,0,0
20.7,10.7,85.4,32.1,8.1,74.4,18.3,Soybean,Sandy Loam,Low / Moderate Deficit,0,0,0,0
31.8,0.0,15.9,25.4,2.4,59.3,33.6,Paddy,Clayey Loam,Adequate,0,0,0,0
31.3,0.0,71.6,39.8,1.5,83.0,31.2,Maize,Black Soil,Low / Moderate Deficit,0,0,0,0
34.4,0.0,76.7,41.8,24.3,52.0,34.5,Mustard,Black Soil,Adequate,0,0,0,0
33.2,0.0,94.6,19.4,4.6,41.8,33.1,Soybean,Alluvial Soil,Adequate,0,0,0,0
19.8,0.0,66.7,23.7,11.3,50.8,19.4,Cotton,Sandy Loam,Adequate,0,0,0,0
28.2,0.0,72.7,24.0,2.7,83.1,27.9,Sugarcane,Sandy Loam,Low / Moderate Deficit,0,0,0,0
31.2,0.0,87.3,28.6,22.6,54.7,28.4,Cotton,Red Soil,Low / Moderate Deficit,0,0,0,0
38.7,0.0,51.2,50.4,4.5,148.1,38.5,Sugarcane,Black Soil,Saturated,0,0,1,0
31.1,0.0,67.0,38.8,1.5,63.7,33.3,Wheat,Black Soil,Adequate,0,0,0,0
35.0,0.0,83.8,33.2,6.0,42.0,35.7,Pulses,Red Soil,Adequate,0,0,0,0
40.2,0.0,36.4,18.0,0.7,82.0,40.0,Soybean,Red Soil,Low / Moderate Deficit,1,0,1,0
37.2,0.0,33.2,17.8,1.0,2.6,37.2,Maize,Red Soil,Critical Deficit,1,0,1,0
23.3,0.0,84.2,14.8,28.8,2.8,21.2,Maize,Alluvial Soil,Critical Deficit,1,0,0,0
22.1,0.0,66.9,27.7,4.6,84.1,20.3,Maize,Alluvial Soil,Adequate,0,0,0,0
35.4,0.0,69.3,30.9,3.5,81.4,34.8,Wheat,Sandy Loam,Adequate,0,0,0,0
25.0,1.0,66.0,24.1,7.4,55.6,25.3,Pulses,Red Soil,Adequate,0,0,0,0
38.8,0.0,58.5,18.0,4.6,41.2,38.2,Wheat,Sandy Loam,Adequate,0,0,1,0
27.3,0.0,78.8,24.2,46.0,44.1,26.5,Cotton,Sandy Loam,Adequate,0,0,0,0
30.9,0.0,54.6,39.2,6.9,52.5,28.2,Cotton,Black Soil,Low / Moderate Deficit,0,0,0,0
33.9,0.0,46.4,18.6,9.5,14.1,32.2,Soybean,Alluvial Soil,Critical Deficit,1,0,0,0
27.3,0.0,79.3,18.0,4.2,68.3,27.6,Cotton,Alluvial Soil,Low / Moderate Deficit,1,0,0,0
21.9,15.5,63.2,25.1,28.9,45.5,22.6,Paddy,Black Soil,Adequate,0,0,0,0
35.9,0.0,80.1,26.1,30.2,37.2,36.6,Sugarcane,Alluvial Soil,Adequate,0,0,0,0
35.2,0.0,98.0,33.3,26.4,40.7,35.1,Soybean,Black Soil,Adequate,0,0,0,0
26.6,0.0,47.4,24.2,2.9,27.9,26.9,Pulses,Sandy Loam,Adequate,0,0,0,0
34.4,0.0,53.3,14.3,0.0,2.2,35.8,Wheat,Sandy Loam,Critical Deficit,1,0,0,0
19.9,0.0,49.2,12.9,4.3,3.3,18.7,Soybean,Black Soil,Critical Deficit,1,0,0,0
21.3,0.0,55.8,28.0,5.9,46.1,24.2,Paddy,Sandy Loam,Low / Moderate Deficit,0,0,0,0
29.3,0.0,59.5,26.6,0.1,74.6,33.5,Paddy,Alluvial Soil,Adequate,0,0,0,0
41.4,17.5,62.8,30.5,62.1,73.4,39.2,Maize,Clayey Loam,Adequate,0,0,1,1
23.3,0.0,40.3,18.0,3.7,25.2,23.0,Pulses,Sandy Loam,Low / Moderate Deficit,1,0,0,0
30.4,0.0,37.9,53.3,1.7,158.0,30.4,Wheat,Red Soil,Saturated,0,0,0,0
32.6,0.0,77.9,33.9,0.4,20.1,32.7,Sugarcane,Black Soil,Adequate,0,0,0,0
27.3,0.0,62.8,45.9,0.5,66.9,28.6,Pulses,Black Soil,Adequate,0,0,0,0
29.2,0.0,46.0,22.3,0.7,59.4,28.8,Pulses,Sandy Loam,Adequate,0,0,0,0
29.7,6.1,80.5,17.9,27.1,10.2,33.2,Cotton,Clayey Loam,Critical Deficit,1,0,0,0
38.4,20.4,67.8,32.9,58.1,67.1,37.6,Cotton,Clayey Loam,Low / Moderate Deficit,0,0,1,1
29.6,16.2,60.8,16.1,10.6,5.8,28.8,Maize,Black Soil,Critical Deficit,1,0,0,0
31.0,0.0,64.8,20.0,0.7,69.7,30.0,Maize,Red Soil,Low / Moderate Deficit,1,0,0,0
31.9,0.0,75.4,21.6,13.9,55.9,34.6,Mustard,Clayey Loam,Low / Moderate Deficit,1,0,0,0
15.1,0.0,23.2,48.0,5.2,78.2,13.5,Sugarcane,Black Soil,Adequate,0,0,0,0
35.3,0.0,78.5,26.7,18.5,76.8,37.1,Soybean,Sandy Loam,Adequate,0,0,0,0
40.1,0.0,68.8,15.9,0.3,9.0,39.2,Sugarcane,Sandy Loam,Critical Deficit,1,0,1,0
40.7,23.0,65.5,20.5,41.6,6.1,39.9,Maize,Red Soil,Critical Deficit,1,0,1,0
23.0,0.0,54.4,23.9,3.5,31.7,24.1,Wheat,Sandy Loam,Low / Moderate Deficit,0,0,0,0
24.1,0.0,46.1,20.3,0.0,4.0,24.4,Mustard,Clayey Loam,Critical Deficit,1,0,0,0
18.0,0.0,47.3,20.9,4.3,24.7,17.5,Soybean,Clayey Loam,Low / Moderate Deficit,1,0,0,0
37.2,0.0,46.1,29.9,4.3,67.4,38.4,Mustard,Black Soil,Adequate,0,0,1,0
36.2,0.0,53.2,29.2,4.2,34.8,34.8,Mustard,Clayey Loam,Adequate,0,0,0,0
34.6,32.5,86.6,24.8,68.7,36.8,32.9,Wheat,Sandy Loam,Low / Moderate Deficit,0,0,0,1
33.0,0.0,50.3,33.2,1.2,63.0,32.5,Mustard,Black Soil,Low / Moderate Deficit,0,0,0,0
35.2,14.8,78.0,27.7,2.2,72.7,35.5,Pulses,Clayey Loam,Adequate,0,0,0,0
23.9,0.0,47.5,14.4,3.0,7.0,22.8,Wheat,Black Soil,Critical Deficit,1,0,0,0
34.8,0.0,81.5,50.6,16.7,210.0,34.5,Wheat,Clayey Loam,Saturated,0,1,0,0
35.9,0.0,68.3,21.1,6.2,29.8,34.3,Soybean,Sandy Loam,Adequate,0,0,0,0
38.3,0.0,70.7,24.0,24.7,43.3,38.9,Paddy,Clayey Loam,Adequate,0,0,1,0
27.4,0.0,39.5,15.7,1.6,10.2,29.8,Pulses,Black Soil,Critical Deficit,1,0,0,0
31.7,0.0,30.7,24.8,0.1,43.4,32.2,Pulses,Clayey Loam,Adequate,0,0,0,0
33.4,0.0,58.1,20.8,2.0,56.3,36.2,Soybean,Clayey Loam,Adequate,0,0,0,0
26.8,0.0,71.8,25.5,16.4,58.5,27.9,Mustard,Black Soil,Low / Moderate Deficit,0,0,0,0
32.8,0.0,15.0,26.9,2.4,80.7,31.2,Pulses,Sandy Loam,Adequate,0,0,0,0
32.7,52.8,83.6,18.1,2.0,56.2,35.5,Sugarcane,Alluvial Soil,Adequate,0,0,0,1
29.7,0.0,70.1,26.3,6.9,82.2,31.9,Sugarcane,Red Soil,Low / Moderate Deficit,0,0,0,0
26.0,0.0,98.0,14.9,27.7,5.1,24.7,Pulses,Clayey Loam,Critical Deficit,1,0,0,0
35.7,0.0,67.4,22.2,10.8,75.5,36.3,Soybean,Red Soil,Adequate,0,0,0,0
37.7,0.0,62.2,18.0,0.2,82.8,38.0,Mustard,Clayey Loam,Low / Moderate Deficit,1,0,1,0
33.3,25.3,95.7,14.1,40.7,1.7,37.7,Paddy,Clayey Loam,Critical Deficit,1,0,0,1
26.4,14.8,67.5,24.3,13.3,47.6,29.1,Wheat,Alluvial Soil,Adequate,0,0,0,0
20.2,0.0,41.5,23.4,0.7,78.5,20.9,Sugarcane,Alluvial Soil,Low / Moderate Deficit,0,0,0,0
22.7,0.0,81.3,20.3,8.6,3.7,21.9,Wheat,Black Soil,Critical Deficit,1,0,0,0
34.2,0.0,60.9,27.7,3.1,36.2,34.5,Paddy,Sandy Loam,Adequate,0,0,0,0
34.1,0.0,26.5,20.4,4.7,38.6,34.2,Sugarcane,Sandy Loam,Adequate,0,0,0,0
30.3,0.0,46.7,17.9,3.7,3.1,31.8,Mustard,Red Soil,Critical Deficit,1,0,0,0
34.0,16.6,91.4,32.9,0.8,48.8,32.9,Sugarcane,Black Soil,Low / Moderate Deficit,0,0,0,0
33.1,0.0,89.8,28.0,15.1,28.9,31.5,Pulses,Alluvial Soil,Adequate,0,0,0,0
32.0,0.0,43.5,50.0,0.5,136.9,32.2,Pulses,Red Soil,Saturated,0,0,0,0
29.4,0.0,47.1,29.5,0.2,27.7,29.0,Pulses,Alluvial Soil,Adequate,0,0,0,0
37.5,45.6,62.9,24.9,68.3,57.2,37.9,Sugarcane,Sandy Loam,Low / Moderate Deficit,0,0,0,1
26.9,37.7,69.4,19.9,42.8,75.0,28.0,Mustard,Alluvial Soil,Low / Moderate Deficit,1,0,0,0
36.7,0.0,46.4,27.4,1.0,72.8,34.4,Soybean,Clayey Loam,Adequate,0,0,0,0
22.1,0.0,72.1,12.6,7.4,7.1,23.4,Wheat,Red Soil,Critical Deficit,1,0,0,0
35.2,0.0,45.1,47.6,3.9,55.3,32.3,Pulses,Black Soil,Adequate,0,0,0,0
32.3,0.0,53.4,45.0,3.2,112.5,33.4,Cotton,Clayey Loam,Saturated,0,0,0,0
21.6,0.0,48.6,23.3,1.6,66.0,21.2,Paddy,Sandy Loam,Low / Moderate Deficit,0,0,0,0
29.0,0.0,62.1,26.3,2.1,77.4,26.4,Cotton,Alluvial Soil,Adequate,0,0,0,0
35.5,0.0,40.3,27.2,1.3,77.4,35.0,Wheat,Sandy Loam,Adequate,0,0,0,0
31.2,0.0,58.8,21.8,1.5,31.0,29.5,Soybean,Clayey Loam,Adequate,0,0,0,0
29.1,0.0,52.7,48.2,0.7,213.9,28.1,Sugarcane,Red Soil,Saturated,0,0,0,0
34.7,0.0,56.1,16.4,0.6,1.4,32.4,Mustard,Clayey Loam,Critical Deficit,1,0,0,0
17.7,0.0,64.8,17.8,9.6,0.7,16.0,Mustard,Black Soil,Critical Deficit,1,0,0,0
23.6,0.0,51.9,19.4,1.5,0.4,20.7,Wheat,Black Soil,Critical Deficit,1,0,0,0
25.4,0.0,56.0,52.6,3.9,204.5,26.3,Maize,Black Soil,Saturated,0,0,0,0
29.0,0.0,57.4,39.1,0.5,55.3,30.4,Cotton,Red Soil,Adequate,0,0,0,0
29.2,0.0,50.0,36.9,2.5,48.2,32.1,Wheat,Black Soil,Adequate,0,0,0,0
34.3,0.0,44.5,23.4,1.6,26.1,31.5,Paddy,Clayey Loam,Low / Moderate Deficit,0,0,0,0
30.1,0.0,35.4,31.2,0.8,57.0,29.8,Soybean,Black Soil,Adequate,0,0,0,0
30.0,0.0,63.2,35.0,0.6,56.1,29.7,Soybean,Black Soil,Low / Moderate Deficit,0,0,0,0
21.1,0.0,64.0,27.4,7.0,25.1,22.6,Cotton,Alluvial Soil,Adequate,0,0,0,0
34.7,2.3,78.8,28.2,51.2,36.3,32.2,Wheat,Alluvial Soil,Adequate,0,0,0,1
37.5,20.2,55.4,29.6,67.4,83.4,35.9,Wheat,Sandy Loam,Adequate,0,0,1,1
36.3,0.0,77.0,36.8,10.2,51.4,34.5,Pulses,Black Soil,Adequate,0,0,0,0
25.9,0.0,44.8,20.1,1.3,63.4,27.6,Sugarcane,Red Soil,Adequate,0,0,0,0
28.9,0.0,63.5,20.7,0.6,4.8,30.0,Cotton,Sandy Loam,Critical Deficit,1,0,0,0
36.6,0.0,55.6,18.0,0.2,56.2,37.5,Wheat,Alluvial Soil,Low / Moderate Deficit,1,0,1,0
24.1,0.0,46.1,18.5,0.4,83.1,23.1,Soybean,Clayey Loam,Adequate,0,0,0,0
21.1,0.0,61.6,34.2,5.4,55.2,23.1,Pulses,Alluvial Soil,Adequate,0,0,0,0
18.4,0.0,62.3,52.0,0.6,106.5,21.8,Wheat,Clayey Loam,Saturated,0,0,0,0
31.0,0.0,77.4,11.3,10.4,9.9,34.2,Wheat,Black Soil,Critical Deficit,1,0,0,0
36.1,0.0,68.4,23.1,3.4,31.9,36.3,Paddy,Red Soil,Adequate,0,0,0,0
23.6,0.0,45.3,52.9,0.2,137.2,25.5,Maize,Alluvial Soil,Saturated,0,0,0,0
28.4,0.0,68.1,14.8,3.1,3.9,29.5,Cotton,Sandy Loam,Critical Deficit,1,0,0,0
21.2,0.0,41.4,27.1,0.5,51.0,21.8,Maize,Clayey Loam,Adequate,0,0,0,0
30.2,0.0,57.3,32.7,2.5,25.4,31.2,Maize,Alluvial Soil,Adequate,0,0,0,0
16.5,0.0,58.3,31.1,6.3,67.7,18.5,Wheat,Alluvial Soil,Adequate,0,0,0,0
32.3,0.0,91.0,49.6,11.6,134.7,34.6,Pulses,Black Soil,Saturated,0,0,0,0
43.9,0.0,34.0,23.3,4.4,81.8,45.1,Sugarcane,Sandy Loam,Low / Moderate Deficit,0,0,1,0
25.2,0.0,58.6,28.4,6.3,64.8,24.5,Wheat,Sandy Loam,Adequate,0,0,0,0
37.1,0.0,48.0,26.1,1.2,45.4,34.3,Paddy,Alluvial Soil,Low / Moderate Deficit,0,0,0,0
33.0,0.0,67.1,27.0,1.4,69.1,33.3,Cotton,Clayey Loam,Adequate,0,0,0,0
38.4,0.0,56.3,24.7,0.0,60.2,35.9,Mustard,Clayey Loam,Low / Moderate Deficit,0,0,1,0
37.8,0.0,47.1,32.3,2.6,35.3,38.0,Wheat,Red Soil,Adequate,0,0,1,0
25.2,0.0,38.6,16.8,0.1,6.4,24.3,Sugarcane,Red Soil,Critical Deficit,1,0,0,0
30.8,0.0,56.7,12.7,2.3,6.6,31.9,Paddy,Red Soil,Critical Deficit,1,0,0,0
34.6,9.3,67.0,18.9,4.6,52.9,35.8,Pulses,Clayey Loam,Low / Moderate Deficit,1,0,0,0
41.7,0.0,71.4,12.9,29.1,12.8,40.8,Paddy,Sandy Loam,Critical Deficit,1,0,1,0
30.3,0.0,33.7,32.3,8.3,27.9,31.9,Paddy,Clayey Loam,Adequate,0,0,0,0
23.8,0.0,56.1,26.8,12.4,45.4,23.4,Sugarcane,Red Soil,Adequate,0,0,0,0
31.3,0.0,70.4,23.3,31.6,27.2,32.4,Maize,Alluvial Soil,Adequate,0,0,0,0
31.7,0.0,41.1,33.7,0.1,68.0,29.0,Sugarcane,Alluvial Soil,Low / Moderate Deficit,0,0,0,0
25.5,0.0,45.1,18.3,1.5,4.3,27.8,Maize,Alluvial Soil,Critical Deficit,1,0,0,0
28.8,0.0,24.4,28.8,3.3,39.2,27.7,Mustard,Sandy Loam,Low / Moderate Deficit,0,0,0,0
25.4,0.0,46.3,51.5,7.6,155.7,26.9,Cotton,Sandy Loam,Saturated,0,0,0,0
26.9,0.0,50.3,34.0,2.0,34.8,25.4,Paddy,Red Soil,Adequate,0,0,0,0
28.0,12.1,73.2,15.5,34.3,0.3,26.6,Cotton,Red Soil,Critical Deficit,1,0,0,0
31.6,0.0,79.6,41.0,39.0,23.1,34.0,Soybean,Black Soil,Adequate,0,1,0,0
32.4,0.0,43.7,33.1,5.7,59.8,34.8,Sugarcane,Black Soil,Adequate,0,0,0,0
43.1,0.0,53.4,20.5,3.1,9.6,44.3,Maize,Red Soil,Critical Deficit,1,0,1,0
20.6,14.8,54.5,34.6,22.3,45.6,21.0,Wheat,Black Soil,Low / Moderate Deficit,0,0,0,0
26.4,4.3,50.4,18.0,2.2,24.7,26.8,Mustard,Red Soil,Low / Moderate Deficit,1,0,0,0
17.7,0.0,77.0,27.3,15.1,75.2,17.5,Maize,Clayey Loam,Adequate,0,0,0,0
25.3,11.3,32.7,24.1,16.7,43.6,27.0,Paddy,Alluvial Soil,Adequate,0,0,0,0
38.3,0.0,59.7,15.7,1.5,13.0,38.4,Pulses,Alluvial Soil,Critical Deficit,1,0,1,0
25.1,0.0,76.0,18.2,96.9,0.0,25.1,Paddy,Red Soil,Critical Deficit,1,0,0,1
23.7,0.0,46.8,23.3,0.7,31.0,25.2,Pulses,Sandy Loam,Adequate,0,0,0,0
26.7,0.0,49.3,20.0,1.1,79.1,27.6,Maize,Clayey Loam,Low / Moderate Deficit,1,0,0,0
31.5,0.0,86.2,18.0,69.7,49.2,33.6,Pulses,Alluvial Soil,Low / Moderate Deficit,1,0,0,1
28.8,0.0,53.0,26.9,0.8,41.3,26.8,Maize,Sandy Loam,Adequate,0,0,0,0
28.1,0.0,59.6,19.8,0.2,58.5,28.1,Cotton,Red Soil,Adequate,0,0,0,0
37.8,0.0,65.1,33.5,4.9,71.4,34.9,Maize,Sandy Loam,Adequate,0,0,0,0
24.2,0.0,43.9,52.8,3.7,200.9,23.7,Wheat,Red Soil,Saturated,0,0,0,0
22.5,0.0,68.4,52.3,4.1,226.1,23.0,Wheat,Sandy Loam,Saturated,0,0,0,0
28.4,0.0,42.5,26.3,1.0,20.6,28.0,Mustard,Sandy Loam,Low / Moderate Deficit,0,0,0,0
20.9,0.0,69.9,20.0,2.0,31.4,21.4,Mustard,Red Soil,Adequate,0,0,0,0
39.3,0.0,31.0,45.0,2.0,111.9,38.2,Cotton,Sandy Loam,Saturated,0,0,1,0
39.8,0.0,35.5,58.8,5.3,110.5,39.4,Sugarcane,Black Soil,Saturated,0,0,1,0
31.3,0.0,55.5,32.7,4.7,59.1,29.3,Paddy,Black Soil,Adequate,0,0,0,0
30.5,0.0,27.2,36.8,5.1,74.1,30.8,Cotton,Black Soil,Adequate,0,0,0,0
29.4,0.0,55.0,17.1,2.2,3.4,32.6,Paddy,Clayey Loam,Critical Deficit,1,0,0,0
24.6,0.0,42.5,60.4,0.5,215.8,24.7,Sugarcane,Black Soil,Saturated,0,0,0,0
20.4,0.0,53.0,16.8,3.9,0.7,21.0,Wheat,Sandy Loam,Critical Deficit,1,0,0,0
27.9,0.0,50.2,52.2,2.9,150.3,29.8,Paddy,Alluvial Soil,Saturated,0,0,0,0
27.6,0.0,69.7,40.7,0.4,50.8,27.9,Wheat,Black Soil,Adequate,0,0,0,0
33.7,0.0,56.9,32.4,0.3,60.7,32.5,Maize,Sandy Loam,Adequate,0,0,0,0
19.5,0.0,80.3,25.3,1.8,31.9,19.8,Soybean,Clayey Loam,Adequate,0,0,0,0
38.2,0.0,36.9,34.3,0.1,32.3,38.7,Paddy,Black Soil,Adequate,0,0,1,0
27.7,0.0,63.6,18.0,4.1,52.9,25.6,Mustard,Red Soil,Low / Moderate Deficit,1,0,0,0
30.4,0.0,66.7,42.9,0.8,64.5,32.0,Paddy,Black Soil,Low / Moderate Deficit,0,0,0,0
37.3,0.0,45.5,34.4,3.2,22.6,35.0,Wheat,Sandy Loam,Low / Moderate Deficit,0,0,1,0
41.2,0.0,68.8,27.3,5.5,57.4,39.9,Soybean,Alluvial Soil,Adequate,0,0,1,0
28.3,0.0,57.2,18.0,0.1,38.7,28.7,Maize,Sandy Loam,Adequate,0,0,0,0
28.9,0.0,98.0,33.7,62.0,52.5,26.4,Mustard,Alluvial Soil,Adequate,0,0,0,1
28.7,0.0,66.3,26.9,0.9,37.9,28.2,Paddy,Alluvial Soil,Low / Moderate Deficit,0,0,0,0
19.3,0.0,78.1,32.6,0.4,77.7,18.8,Maize,Red Soil,Adequate,0,0,0,0
25.4,0.0,77.5,17.1,18.6,1.1,23.9,Wheat,Black Soil,Critical Deficit,1,0,0,0
22.9,0.0,88.1,28.2,22.2,52.0,22.3,Soybean,Red Soil,Adequate,0,0,0,0
30.1,0.0,69.5,41.3,4.2,33.7,29.2,Soybean,Black Soil,Adequate,0,0,0,0
33.4,0.0,56.4,19.2,3.0,41.2,33.8,Mustard,Clayey Loam,Adequate,0,0,0,0
28.8,0.0,35.9,35.2,1.0,82.2,28.2,Sugarcane,Black Soil,Low / Moderate Deficit,0,0,0,0
32.9,0.0,90.7,36.9,29.2,67.8,33.8,Mustard,Black Soil,Adequate,0,0,0,0
25.8,0.0,77.6,27.2,7.2,32.1,27.5,Sugarcane,Sandy Loam,Adequate,0,0,0,0
29.1,0.0,61.6,40.7,0.6,28.7,24.8,Soybean,Black Soil,Adequate,0,0,0,0
29.8,0.0,32.9,13.1,2.2,11.4,28.5,Sugarcane,Alluvial Soil,Critical Deficit,1,0,0,0
32.6,12.8,89.8,21.1,18.4,83.2,32.8,Maize,Sandy Loam,Low / Moderate Deficit,1,0,0,0
31.4,0.0,53.8,54.0,5.5,196.5,32.9,Mustard,Black Soil,Saturated,0,0,0,0
27.8,0.0,63.2,29.6,1.9,31.1,27.2,Cotton,Sandy Loam,Adequate,0,0,0,0
36.0,0.0,69.9,30.0,6.3,25.0,33.4,Maize,Sandy Loam,Adequate,0,0,0,0
29.8,0.0,62.4,14.0,4.2,13.9,30.9,Cotton,Sandy Loam,Critical Deficit,1,0,0,0
29.9,0.0,40.4,36.5,3.7,60.1,28.8,Sugarcane,Black Soil,Adequate,0,0,0,0
36.0,0.0,58.5,17.5,5.0,6.9,37.7,Cotton,Clayey Loam,Critical Deficit,1,0,0,0
28.3,1.5,77.2,51.7,4.3,202.2,25.8,Soybean,Red Soil,Saturated,0,0,0,0
45.6,0.0,98.0,19.3,18.2,78.2,46.6,Sugarcane,Red Soil,Adequate,0,0,1,0
29.4,0.0,63.3,52.7,0.6,226.2,29.6,Pulses,Black Soil,Saturated,0,0,0,0
27.3,0.0,87.6,34.6,2.6,73.8,29.0,Sugarcane,Black Soil,Low / Moderate Deficit,0,0,0,0
29.2,0.0,45.5,28.2,1.9,33.6,30.4,Paddy,Sandy Loam,Adequate,0,0,0,0
27.2,0.0,59.2,28.3,4.4,65.0,28.6,Paddy,Red Soil,Adequate,0,0,0,0
24.8,53.9,74.9,16.6,0.7,11.1,23.2,Soybean,Red Soil,Critical Deficit,1,0,0,1
35.1,4.8,69.4,52.7,1.4,201.3,32.8,Paddy,Black Soil,Saturated,0,0,0,0
24.0,0.0,56.5,30.9,1.7,72.3,24.0,Wheat,Alluvial Soil,Adequate,0,0,0,0
35.9,0.0,69.8,27.5,2.2,66.4,36.2,Soybean,Alluvial Soil,Low / Moderate Deficit,0,0,0,0
30.3,0.0,56.4,23.7,13.0,44.2,31.7,Wheat,Clayey Loam,Adequate,0,0,0,0
25.3,0.0,41.0,18.0,2.6,31.9,24.6,Soybean,Alluvial Soil,Adequate,0,0,0,0
28.5,0.0,39.7,51.5,1.4,133.5,26.9,Mustard,Red Soil,Saturated,0,0,0,0
31.8,0.0,59.2,28.7,6.3,75.7,33.5,Paddy,Red Soil,Adequate,0,0,0,0
34.7,0.0,73.1,37.5,75.4,41.8,34.1,Soybean,Black Soil,Adequate,0,0,0,1
26.9,0.0,15.0,18.0,3.2,42.1,27.3,Maize,Alluvial Soil,Low / Moderate Deficit,1,0,0,0
28.7,0.0,67.9,53.2,4.5,91.7,30.7,Mustard,Black Soil,Saturated,0,0,0,0
31.5,0.0,43.4,26.9,0.8,78.4,33.0,Sugarcane,Black Soil,Adequate,0,0,0,0
37.4,0.0,68.1,17.4,2.4,3.4,39.3,Wheat,Sandy Loam,Critical Deficit,1,0,1,0
34.4,0.0,85.6,16.2,5.5,10.1,35.3,Mustard,Clayey Loam,Critical Deficit,1,0,0,0
34.5,14.2,77.8,23.6,2.3,66.8,35.5,Soybean,Alluvial Soil,Adequate,0,0,0,0
22.3,0.0,39.3,22.2,0.5,46.0,23.8,Pulses,Red Soil,Low / Moderate Deficit,0,0,0,0
33.5,0.0,61.0,17.4,0.6,5.6,33.5,Mustard,Alluvial Soil,Critical Deficit,1,0,0,0
32.0,0.0,50.6,20.6,10.4,22.6,33.2,Maize,Sandy Loam,Adequate,0,0,0,0
34.1,26.2,63.7,25.4,27.8,53.5,33.2,Paddy,Clayey Loam,Low / Moderate Deficit,0,0,0,0
27.8,0.0,65.5,18.0,6.4,23.1,29.3,Paddy,Alluvial Soil,Adequate,0,0,0,0
31.5,4.9,68.5,47.0,0.6,129.1,30.5,Pulses,Red Soil,Saturated,0,0,0,0
32.2,0.0,62.6,30.3,4.2,21.0,34.0,Paddy,Black Soil,Adequate,0,0,0,0
33.6,0.0,65.0,22.9,0.1,24.1,34.2,Cotton,Red Soil,Adequate,0,0,0,0
26.8,0.0,52.3,19.2,8.4,50.5,24.6,Sugarcane,Alluvial Soil,Low / Moderate Deficit,1,0,0,0
36.5,0.0,51.7,34.3,2.2,29.8,36.4,Maize,Sandy Loam,Adequate,0,0,0,0
27.7,0.0,74.9,31.5,22.8,47.1,26.4,Wheat,Black Soil,Adequate,0,0,0,0
38.0,0.0,95.8,17.0,9.2,12.8,37.2,Mustard,Red Soil,Critical Deficit,1,0,1,0
48.0,0.0,57.5,23.5,0.1,50.4,48.2,Wheat,Alluvial Soil,Adequate,0,0,1,0
23.1,0.0,75.7,27.6,12.2,65.5,23.5,Cotton,Alluvial Soil,Adequate,0,0,0,0
28.7,0.0,55.8,22.0,0.4,27.3,27.9,Pulses,Sandy Loam,Adequate,0,0,0,0
36.5,0.0,55.8,54.8,5.6,230.2,36.7,Pulses,Alluvial Soil,Saturated,0,0,0,0
28.0,0.0,55.5,23.2,0.6,75.9,27.1,Paddy,Red Soil,Low / Moderate Deficit,0,0,0,0
32.4,0.0,69.2,30.2,2.2,74.7,34.7,Cotton,Black Soil,Low / Moderate Deficit,0,0,0,0
36.1,0.0,61.7,24.8,1.4,77.8,38.4,Wheat,Sandy Loam,Low / Moderate Deficit,0,0,0,0
29.5,0.0,77.8,30.4,10.1,27.8,27.6,Sugarcane,Clayey Loam,Adequate,0,0,0,0
19.3,0.0,72.9,22.5,7.1,35.9,20.5,Mustard,Sandy Loam,Low / Moderate Deficit,0,0,0,0
33.8,0.0,84.7,26.7,10.2,73.5,35.2,Cotton,Clayey Loam,Low / Moderate Deficit,0,0,0,0
17.0,0.0,72.9,27.9,16.1,64.5,18.4,Pulses,Clayey Loam,Adequate,0,0,0,0
26.2,0.0,79.6,18.1,3.7,55.9,26.4,Sugarcane,Sandy Loam,Low / Moderate Deficit,1,0,0,0
36.4,0.0,59.9,28.4,4.7,46.3,35.4,Soybean,Red Soil,Adequate,0,0,0,0
23.1,0.0,79.7,23.5,67.5,63.9,22.9,Pulses,Alluvial Soil,Adequate,0,0,0,1
27.9,0.0,40.2,46.3,4.9,135.4,29.0,Mustard,Alluvial Soil,Saturated,0,0,0,0
31.7,0.0,37.8,57.4,1.4,152.1,29.9,Pulses,Alluvial Soil,Saturated,0,0,0,0
37.4,0.0,70.7,34.8,24.5,24.3,37.8,Sugarcane,Black Soil,Adequate,0,0,0,0
31.4,0.0,59.1,18.0,1.4,65.4,32.5,Paddy,Alluvial Soil,Low / Moderate Deficit,1,0,0,0
44.5,59.9,87.3,22.3,21.3,72.0,43.2,Cotton,Alluvial Soil,Adequate,0,0,1,1
18.7,0.0,45.6,28.6,7.8,79.8,18.1,Mustard,Alluvial Soil,Adequate,0,0,0,0
30.8,0.0,34.6,25.6,1.7,59.6,33.1,Soybean,Red Soil,Adequate,0,0,0,0
35.9,9.4,63.2,21.5,7.8,83.8,32.8,Cotton,Clayey Loam,Adequate,0,0,0,0
39.1,0.0,15.0,31.9,4.0,78.2,39.0,Maize,Alluvial Soil,Adequate,0,0,1,0
21.3,0.0,97.9,19.8,33.7,80.2,21.4,Paddy,Clayey Loam,Low / Moderate Deficit,1,0,0,0
38.8,32.6,79.7,32.8,8.6,67.5,36.9,Paddy,Black Soil,Adequate,0,0,1,0
30.6,0.0,46.4,24.4,5.3,52.6,28.1,Cotton,Clayey Loam,Low / Moderate Deficit,0,0,0,0
18.8,0.0,24.2,9.8,0.1,0.0,19.2,Wheat,Sandy Loam,Critical Deficit,1,0,0,0
24.1,0.0,54.8,32.1,3.5,49.4,24.9,Mustard,Clayey Loam,Adequate,0,0,0,0
40.4,0.0,48.8,21.0,1.6,42.0,41.2,Wheat,Clayey Loam,Low / Moderate Deficit,1,0,1,0
26.4,0.0,34.3,12.9,6.7,8.9,25.4,Mustard,Black Soil,Critical Deficit,1,0,0,0
24.2,0.0,84.4,18.0,17.4,47.1,25.1,Mustard,Red Soil,Low / Moderate Deficit,1,0,0,0
24.0,0.0,63.6,35.6,3.9,47.0,23.6,Sugarcane,Black Soil,Adequate,0,0,0,0
20.1,38.7,63.2,23.0,5.6,20.9,21.9,Paddy,Sandy Loam,Adequate,0,0,0,0
32.1,0.0,35.9,34.1,1.6,24.9,33.5,Sugarcane,Black Soil,Low / Moderate Deficit,0,0,0,0
28.0,28.2,95.2,52.3,2.0,115.6,26.9,Paddy,Sandy Loam,Saturated,0,1,0,0
34.0,0.0,43.7,21.9,1.8,24.5,34.0,Maize,Sandy Loam,Adequate,0,0,0,0
33.9,0.0,86.5,14.2,3.1,11.0,35.8,Sugarcane,Alluvial Soil,Critical Deficit,1,0,0,0
36.0,0.0,98.0,18.6,68.6,48.1,35.8,Maize,Sandy Loam,Low / Moderate Deficit,1,0,0,1
18.4,51.7,73.1,14.8,37.1,11.4,20.0,Soybean,Clayey Loam,Critical Deficit,1,0,0,1
33.5,0.0,66.2,47.4,2.1,157.0,36.3,Paddy,Black Soil,Saturated,0,0,0,0
25.2,0.0,92.3,36.5,10.1,63.8,24.8,Soybean,Black Soil,Adequate,0,0,0,0
33.8,0.0,57.4,19.4,0.5,10.1,33.8,Wheat,Sandy Loam,Critical Deficit,1,0,0,0
31.8,0.0,68.1,26.8,1.3,75.4,33.0,Wheat,Clayey Loam,Adequate,0,0,0,0
25.1,0.0,37.5,33.3,1.4,71.6,27.5,Maize,Black Soil,Low / Moderate Deficit,0,0,0,0
46.4,0.0,38.0,12.7,2.4,12.9,45.9,Maize,Black Soil,Critical Deficit,1,0,1,0
39.7,0.0,53.0,53.1,0.9,213.1,39.9,Mustard,Clayey Loam,Saturated,0,0,1,0
29.1,22.3,58.6,55.0,44.3,201.7,29.5,Paddy,Red Soil,Saturated,0,1,0,0
18.5,0.0,68.0,26.0,3.1,46.4,18.3,Mustard,Clayey Loam,Adequate,0,0,0,0
33.8,1.6,65.2,31.5,0.2,20.6,32.2,Paddy,Red Soil,Low / Moderate Deficit,0,0,0,0
29.0,0.0,39.7,17.0,2.1,1.3,29.7,Paddy,Red Soil,Critical Deficit,1,0,0,0
26.3,0.0,67.5,15.0,0.8,2.3,26.2,Soybean,Red Soil,Critical Deficit,1,0,0,0
31.8,17.3,48.8,28.3,3.8,21.8,29.8,Mustard,Clayey Loam,Adequate,0,0,0,0
29.3,9.0,53.7,9.1,3.3,1.8,28.4,Pulses,Alluvial Soil,Critical Deficit,1,0,0,0
29.1,0.0,41.1,14.0,2.8,9.8,28.8,Sugarcane,Alluvial Soil,Critical Deficit,1,0,0,0
30.8,90.4,62.5,27.4,12.8,34.7,30.2,Maize,Clayey Loam,Adequate,0,0,0,1
45.8,0.0,39.3,18.0,0.2,37.0,43.7,Maize,Alluvial Soil,Adequate,0,0,1,0
24.3,0.0,50.4,18.0,0.4,34.5,23.1,Maize,Sandy Loam,Adequate,0,0,0,0
34.0,0.0,43.4,57.6,2.1,196.0,32.1,Sugarcane,Alluvial Soil,Saturated,0,0,0,0
33.4,0.0,75.5,35.2,31.1,85.0,32.4,Pulses,Red Soil,Adequate,0,0,0,0
34.7,0.0,68.3,37.1,0.7,36.1,34.8,Maize,Sandy Loam,Low / Moderate Deficit,0,0,0,0
23.1,0.0,80.5,51.7,10.0,210.2,21.5,Cotton,Clayey Loam,Saturated,0,0,0,0
20.5,0.0,38.6,28.3,2.0,80.2,21.3,Paddy,Sandy Loam,Low / Moderate Deficit,0,0,0,0
25.0,3.5,60.8,23.3,4.5,63.8,25.0,Wheat,Red Soil,Adequate,0,0,0,0
31.7,0.0,35.0,26.7,5.2,56.6,32.0,Pulses,Clayey Loam,Low / Moderate Deficit,0,0,0,0
29.7,0.0,55.4,16.6,0.5,1.8,27.8,Maize,Sandy Loam,Critical Deficit,1,0,0,0
30.3,0.0,47.5,23.6,5.9,46.4,29.8,Paddy,Sandy Loam,Low / Moderate Deficit,0,0,0,0
27.6,0.0,43.0,53.8,6.7,236.8,25.8,Maize,Sandy Loam,Saturated,0,0,0,0
28.8,0.0,76.5,49.6,60.8,100.5,31.3,Paddy,Sandy Loam,Saturated,0,1,0,1
24.0,0.0,52.9,55.8,2.6,244.7,21.6,Cotton,Alluvial Soil,Saturated,0,0,0,0
30.6,12.4,72.7,19.7,26.5,24.8,29.9,Wheat,Red Soil,Adequate,0,0,0,0
19.7,0.0,33.2,29.4,7.5,60.5,18.7,Paddy,Sandy Loam,Low / Moderate Deficit,0,0,0,0
40.1,0.0,17.8,27.0,3.6,84.9,41.0,Wheat,Sandy Loam,Adequate,0,0,1,0
36.5,0.0,80.0,24.0,38.5,60.7,36.9,Cotton,Clayey Loam,Low / Moderate Deficit,0,0,0,0
20.7,0.0,57.8,52.7,3.2,239.0,19.6,Pulses,Red Soil,Saturated,0,0,0,0
32.1,4.8,53.9,33.3,4.2,68.5,32.7,Mustard,Alluvial Soil,Adequate,0,0,0,0
31.8,0.0,32.9,24.9,0.6,23.7,32.5,Cotton,Sandy Loam,Low / Moderate Deficit,0,0,0,0
31.4,0.0,94.1,15.3,0.8,1.1,28.8,Cotton,Clayey Loam,Critical Deficit,1,0,0,0
34.7,0.0,69.4,28.5,2.5,20.8,32.7,Mustard,Alluvial Soil,Adequate,0,0,0,0
21.1,0.0,63.0,18.0,2.2,63.8,25.1,Soybean,Clayey Loam,Adequate,0,0,0,0
29.3,0.0,59.8,44.0,0.6,51.7,30.9,Pulses,Black Soil,Low / Moderate Deficit,0,0,0,0
34.5,0.0,57.6,37.7,3.5,66.4,34.8,Pulses,Black Soil,Adequate,0,0,0,0
33.2,8.4,74.7,45.0,25.0,113.1,33.6,Cotton,Red Soil,Saturated,0,1,0,0
37.0,0.0,50.6,18.7,3.5,74.9,37.6,Wheat,Sandy Loam,Adequate,0,0,1,0
24.5,0.0,77.8,27.2,9.3,77.4,26.9,Wheat,Sandy Loam,Adequate,0,0,0,0
29.3,0.0,50.8,28.2,1.3,49.0,31.2,Soybean,Red Soil,Adequate,0,0,0,0
33.9,0.0,64.6,15.1,0.1,5.5,35.4,Pulses,Sandy Loam,Critical Deficit,1,0,0,0
29.6,0.0,77.0,55.6,21.7,95.5,30.4,Paddy,Sandy Loam,Saturated,0,1,0,0
18.1,0.0,44.3,25.0,0.8,32.6,18.6,Wheat,Red Soil,Adequate,0,0,0,0
22.5,0.0,63.3,30.1,1.4,61.5,21.7,Pulses,Alluvial Soil,Low / Moderate Deficit,0,0,0,0
25.3,0.0,62.1,16.4,2.2,5.1,25.1,Pulses,Alluvial Soil,Critical Deficit,1,0,0,0
24.7,0.0,59.6,21.8,0.3,55.0,23.2,Sugarcane,Red Soil,Low / Moderate Deficit,1,0,0,0
24.3,0.0,84.6,11.9,24.2,4.6,24.0,Mustard,Red Soil,Critical Deficit,1,0,0,0
28.4,16.0,67.3,33.5,54.3,35.0,26.5,Maize,Clayey Loam,Adequate,0,0,0,1
35.8,0.0,47.0,19.8,3.9,23.7,35.7,Pulses,Red Soil,Adequate,0,0,0,0
28.1,0.0,62.6,21.7,4.7,37.5,26.1,Cotton,Sandy Loam,Adequate,0,0,0,0
21.5,0.0,56.2,29.9,0.5,84.5,21.6,Sugarcane,Sandy Loam,Low / Moderate Deficit,0,0,0,0
42.6,0.0,57.5,19.0,8.7,3.6,43.8,Wheat,Clayey Loam,Critical Deficit,1,0,1,0
29.3,0.0,72.2,31.2,15.9,71.9,28.0,Wheat,Clayey Loam,Low / Moderate Deficit,0,0,0,0
21.8,0.0,59.6,24.1,2.7,82.0,21.5,Maize,Clayey Loam,Adequate,0,0,0,0
41.8,0.0,47.6,21.1,0.3,52.5,41.8,Soybean,Clayey Loam,Low / Moderate Deficit,1,0,1,0
40.0,0.0,37.3,45.0,12.3,102.1,40.4,Wheat,Alluvial Soil,Saturated,0,0,1,0
39.2,0.0,74.6,20.8,3.0,74.8,38.6,Wheat,Sandy Loam,Low / Moderate Deficit,1,0,1,0
31.4,0.0,58.6,20.0,4.8,71.0,30.4,Mustard,Red Soil,Adequate,0,0,0,0
42.4,0.0,90.8,30.3,7.9,40.1,41.9,Pulses,Clayey Loam,Low / Moderate Deficit,0,0,1,0
37.0,0.0,55.6,18.0,3.9,59.6,36.4,Paddy,Red Soil,Low / Moderate Deficit,1,0,0,0
29.0,0.0,43.1,19.7,11.4,21.7,31.5,Maize,Red Soil,Low / Moderate Deficit,1,0,0,0
33.0,0.0,72.1,23.2,14.0,36.2,33.9,Sugarcane,Sandy Loam,Adequate,0,0,0,0
27.1,0.5,69.1,20.6,0.8,67.4,28.3,Pulses,Red Soil,Low / Moderate Deficit,1,0,0,0
21.1,0.0,43.5,44.0,2.0,73.1,19.7,Paddy,Black Soil,Adequate,0,0,0,0
34.4,0.0,58.9,17.1,1.5,5.6,37.6,Soybean,Alluvial Soil,Critical Deficit,1,0,0,0
34.1,4.0,52.5,39.1,2.7,30.4,32.8,Pulses,Red Soil,Adequate,0,0,0,0
38.8,0.0,64.6,18.0,3.2,9.1,36.3,Mustard,Black Soil,Critical Deficit,1,0,1,0
30.0,0.0,54.4,15.8,0.2,14.1,31.1,Wheat,Red Soil,Critical Deficit,1,0,0,0
29.4,0.0,42.4,53.5,0.8,95.5,33.2,Mustard,Black Soil,Saturated,0,0,0,0
31.2,0.0,68.3,25.6,0.8,75.7,32.7,Cotton,Alluvial Soil,Adequate,0,0,0,0
22.0,0.0,51.0,23.8,4.6,52.9,23.0,Pulses,Sandy Loam,Low / Moderate Deficit,0,0,0,0
25.4,0.0,81.8,27.7,12.9,63.3,25.7,Pulses,Clayey Loam,Adequate,0,0,0,0
28.4,1.6,81.4,34.3,13.5,82.6,30.1,Soybean,Clayey Loam,Adequate,0,0,0,0
26.4,0.0,96.7,55.3,29.6,196.7,25.9,Cotton,Red Soil,Saturated,0,1,0,0
28.1,26.6,89.5,27.9,1.2,42.6,28.5,Sugarcane,Red Soil,Low / Moderate Deficit,0,0,0,0
34.0,0.0,61.7,33.4,0.4,45.6,35.1,Paddy,Alluvial Soil,Adequate,0,0,0,0
26.3,0.0,80.3,18.0,52.8,80.8,26.9,Mustard,Sandy Loam,Adequate,0,0,0,1
35.2,0.0,54.5,18.0,0.4,57.0,35.1,Cotton,Clayey Loam,Adequate,0,0,0,0
27.5,16.9,54.8,33.9,31.4,66.3,25.9,Soybean,Red Soil,Adequate,0,0,0,0
31.9,0.0,67.0,29.4,0.3,56.4,30.3,Mustard,Black Soil,Adequate,0,0,0,0
30.0,21.0,80.4,18.0,55.6,51.4,31.9,Pulses,Clayey Loam,Adequate,0,0,0,1
28.8,0.0,33.3,40.1,1.2,52.1,30.8,Pulses,Red Soil,Adequate,0,0,0,0
25.4,0.0,42.4,52.0,1.8,103.5,24.7,Wheat,Black Soil,Saturated,0,0,0,0
32.5,29.0,31.1,14.9,64.9,4.9,33.8,Wheat,Sandy Loam,Critical Deficit,1,0,0,1
27.0,0.0,77.1,32.7,28.7,77.5,24.8,Soybean,Sandy Loam,Adequate,0,0,0,0
23.9,0.0,42.0,28.8,2.0,30.6,23.5,Paddy,Black Soil,Adequate,0,0,0,0
31.6,0.0,79.6,18.1,12.7,0.6,32.1,Maize,Red Soil,Critical Deficit,1,0,0,0
25.4,0.0,44.2,22.9,0.7,36.0,24.8,Cotton,Red Soil,Adequate,0,0,0,0
35.6,0.0,27.9,19.3,0.1,60.2,35.4,Sugarcane,Sandy Loam,Adequate,0,0,1,0
27.4,38.1,33.1,50.4,4.2,148.9,28.7,Soybean,Clayey Loam,Saturated,0,1,0,0
27.5,0.0,58.5,28.2,0.6,48.3,27.0,Mustard,Red Soil,Adequate,0,0,0,0
27.4,0.0,48.5,15.7,0.8,11.6,30.4,Mustard,Clayey Loam,Critical Deficit,1,0,0,0
22.5,0.0,39.4,24.4,5.0,55.0,24.9,Pulses,Clayey Loam,Adequate,0,0,0,0
32.1,0.0,84.9,18.1,27.5,7.3,28.9,Sugarcane,Black Soil,Critical Deficit,1,0,0,0
19.2,9.3,84.2,18.9,63.0,24.3,17.4,Paddy,Red Soil,Adequate,0,0,0,1
32.3,0.0,98.0,41.8,97.8,54.6,31.0,Soybean,Black Soil,Low / Moderate Deficit,0,1,0,1
30.5,0.0,68.8,45.1,0.0,68.4,31.3,Paddy,Black Soil,Adequate,0,0,0,0
29.1,13.3,32.7,24.3,11.9,45.4,28.6,Paddy,Sandy Loam,Adequate,0,0,0,0
41.6,0.0,58.2,16.1,1.7,10.5,43.7,Maize,Black Soil,Critical Deficit,1,0,1,0
29.3,36.1,78.9,26.9,13.5,44.8,31.7,Soybean,Red Soil,Adequate,0,0,0,0
24.7,0.0,55.6,14.9,0.1,9.6,26.1,Pulses,Alluvial Soil,Critical Deficit,1,0,0,0
39.1,0.0,66.9,33.1,2.2,74.7,40.1,Paddy,Red Soil,Adequate,0,0,1,0
29.7,0.0,56.5,24.2,0.4,64.8,29.6,Paddy,Clayey Loam,Adequate,0,0,0,0
33.0,0.0,30.8,24.3,6.3,37.2,33.2,Paddy,Alluvial Soil,Adequate,0,0,0,0
30.6,0.0,46.6,36.5,0.8,76.6,32.4,Soybean,Black Soil,Low / Moderate Deficit,0,0,0,0
34.1,0.0,31.6,45.0,1.5,165.5,33.9,Maize,Alluvial Soil,Saturated,0,0,0,0
31.1,0.0,42.3,19.4,3.3,11.7,30.8,Mustard,Sandy Loam,Critical Deficit,1,0,0,0
25.8,0.0,39.0,18.0,5.2,35.2,24.3,Paddy,Red Soil,Adequate,0,0,0,0
26.3,0.0,36.0,33.4,2.3,79.1,27.6,Sugarcane,Black Soil,Low / Moderate Deficit,0,0,0,0
24.1,0.0,57.8,23.5,1.1,82.7,22.4,Wheat,Alluvial Soil,Low / Moderate Deficit,0,0,0,0
28.4,0.0,59.5,38.1,5.7,30.2,28.5,Wheat,Black Soil,Adequate,0,0,0,0
25.2,0.0,68.4,57.8,0.2,178.6,24.7,Soybean,Alluvial Soil,Saturated,0,0,0,0
32.8,9.8,79.9,18.0,40.4,37.4,33.3,Sugarcane,Sandy Loam,Adequate,0,0,0,0
40.0,0.0,71.7,20.7,108.3,50.0,39.2,Soybean,Alluvial Soil,Low / Moderate Deficit,1,0,1,1
32.1,0.0,72.9,31.7,3.3,42.6,31.5,Wheat,Sandy Loam,Low / Moderate Deficit,0,0,0,0
31.1,0.0,65.0,41.0,0.5,76.6,28.4,Maize,Black Soil,Adequate,0,0,0,0
36.1,0.0,39.8,52.0,10.3,158.5,34.7,Wheat,Sandy Loam,Saturated,0,0,0,0
32.4,0.0,47.7,14.9,4.9,4.9,33.8,Sugarcane,Alluvial Soil,Critical Deficit,1,0,0,0
24.1,0.0,77.6,58.7,20.2,170.2,23.6,Mustard,Clayey Loam,Saturated,0,1,0,0
31.2,0.0,34.7,42.3,1.5,23.0,32.8,Pulses,Black Soil,Adequate,0,0,0,0
28.7,100.5,54.2,22.2,33.3,71.1,31.3,Sugarcane,Red Soil,Adequate,0,0,0,1
19.2,0.0,38.0,16.3,0.2,5.2,19.4,Sugarcane,Black Soil,Critical Deficit,1,0,0,0
35.6,0.0,44.3,52.5,2.2,188.6,37.1,Mustard,Black Soil,Saturated,0,0,0,0
34.5,0.0,90.3,20.6,40.7,73.1,35.1,Pulses,Sandy Loam,Low / Moderate Deficit,1,0,0,1
31.8,0.0,56.5,32.5,0.9,40.4,33.6,Pulses,Clayey Loam,Low / Moderate Deficit,0,0,0,0
28.3,20.6,66.9,27.4,14.5,75.0,28.8,Soybean,Alluvial Soil,Adequate,0,0,0,0
22.0,12.3,80.3,14.2,0.3,14.7,20.7,Paddy,Black Soil,Critical Deficit,1,0,0,0
32.0,18.2,62.8,26.2,34.3,83.1,32.9,Maize,Red Soil,Adequate,0,0,0,0
16.7,23.7,74.7,20.3,34.8,53.9,18.6,Mustard,Alluvial Soil,Adequate,0,0,0,0
23.8,25.4,63.1,25.1,0.2,83.9,24.7,Wheat,Clayey Loam,Adequate,0,0,0,0
35.9,0.0,52.2,15.0,0.9,0.3,37.4,Sugarcane,Alluvial Soil,Critical Deficit,1,0,0,0
27.4,16.0,31.5,18.0,35.3,25.7,24.7,Wheat,Clayey Loam,Low / Moderate Deficit,1,0,0,0
29.1,0.0,64.1,28.4,0.4,54.0,28.9,Soybean,Black Soil,Low / Moderate Deficit,0,0,0,0
25.6,0.0,37.2,12.3,2.7,1.8,25.5,Sugarcane,Alluvial Soil,Critical Deficit,1,0,0,0
28.9,0.0,74.9,29.5,30.2,54.4,28.3,Mustard,Sandy Loam,Adequate,0,0,0,0
23.3,6.3,65.2,25.6,2.8,62.3,19.8,Maize,Alluvial Soil,Adequate,0,0,0,0
38.9,0.0,49.8,20.5,2.1,78.0,38.7,Pulses,Red Soil,Low / Moderate Deficit,1,0,1,0
37.2,0.0,62.3,24.0,4.6,58.4,39.0,Soybean,Red Soil,Adequate,0,0,0,0
32.1,6.7,63.3,56.3,0.2,142.3,32.1,Maize,Red Soil,Saturated,0,0,0,0
22.6,0.0,56.5,33.8,5.1,52.6,20.3,Sugarcane,Clayey Loam,Adequate,0,0,0,0
36.9,20.2,74.2,50.7,1.1,201.6,37.4,Maize,Red Soil,Saturated,0,1,0,0
34.6,0.0,98.0,20.4,34.6,70.0,34.3,Soybean,Red Soil,Low / Moderate Deficit,1,0,0,0
31.6,0.0,80.8,23.7,16.6,67.1,32.5,Soybean,Alluvial Soil,Adequate,0,0,0,0
38.5,0.0,47.1,28.0,2.1,40.2,38.7,Sugarcane,Clayey Loam,Adequate,0,0,1,0
38.0,12.2,80.8,57.6,11.4,163.7,37.8,Cotton,Black Soil,Saturated,0,1,1,0
34.7,0.0,61.5,60.5,0.2,124.3,36.9,Maize,Clayey Loam,Saturated,0,0,0,0
33.2,0.0,31.9,12.5,1.8,6.1,31.8,Pulses,Red Soil,Critical Deficit,1,0,0,0
34.1,0.0,61.5,16.8,6.5,12.1,32.9,Paddy,Clayey Loam,Critical Deficit,1,0,0,0
15.7,0.0,48.8,13.7,1.7,14.8,14.0,Wheat,Black Soil,Critical Deficit,1,0,0,0
17.9,0.0,65.7,27.4,0.4,79.6,16.8,Sugarcane,Clayey Loam,Low / Moderate Deficit,0,0,0,0
21.6,0.0,60.9,27.9,0.3,79.8,20.6,Pulses,Red Soil,Adequate,0,0,0,0
26.8,0.0,52.2,25.5,3.9,37.5,24.9,Soybean,Red Soil,Adequate,0,0,0,0
25.0,0.0,63.9,27.2,1.7,61.6,26.5,Mustard,Alluvial Soil,Adequate,0,0,0,0
31.8,0.0,98.0,50.9,12.0,97.2,31.6,Sugarcane,Clayey Loam,Saturated,0,0,0,0
33.4,0.0,37.7,31.0,0.6,50.4,33.3,Soybean,Red Soil,Adequate,0,0,0,0
25.3,0.0,36.8,19.2,2.5,3.8,27.1,Cotton,Black Soil,Critical Deficit,1,0,0,0
27.5,0.0,42.7,30.5,0.5,39.1,28.1,Maize,Clayey Loam,Adequate,0,0,0,0
29.2,0.0,59.3,32.3,1.6,72.8,29.7,Sugarcane,Black Soil,Adequate,0,0,0,0
34.7,0.0,51.4,13.2,2.1,4.9,34.1,Soybean,Red Soil,Critical Deficit,1,0,0,0
33.7,0.0,57.4,24.3,2.1,34.0,33.7,Pulses,Clayey Loam,Adequate,0,0,0,0
32.3,0.0,79.8,18.0,18.5,71.5,34.7,Paddy,Red Soil,Low / Moderate Deficit,1,0,0,0
33.9,0.0,85.4,15.6,24.1,5.9,33.8,Pulses,Sandy Loam,Critical Deficit,1,0,0,0
24.6,0.0,45.3,14.2,2.6,10.8,29.2,Cotton,Sandy Loam,Critical Deficit,1,0,0,0
33.0,0.0,49.5,37.5,3.4,25.2,32.7,Mustard,Sandy Loam,Low / Moderate Deficit,0,0,0,0
31.5,0.0,39.8,32.4,0.2,68.2,35.2,Soybean,Black Soil,Adequate,0,0,0,0
29.1,6.4,64.8,13.0,1.7,9.3,26.9,Mustard,Red Soil,Critical Deficit,1,0,0,0
44.7,5.3,78.7,43.6,25.4,74.1,44.7,Maize,Sandy Loam,Low / Moderate Deficit,0,1,1,0
30.4,0.0,61.8,19.7,0.7,1.7,30.5,Wheat,Alluvial Soil,Critical Deficit,1,0,0,0
32.7,11.5,82.0,18.8,28.6,78.5,35.6,Cotton,Red Soil,Adequate,0,0,0,0
30.7,0.0,36.4,11.2,0.7,11.4,31.0,Maize,Red Soil,Critical Deficit,1,0,0,0
31.7,0.0,73.9,34.4,19.9,79.0,29.9,Wheat,Red Soil,Low / Moderate Deficit,0,0,0,0
38.4,0.0,43.1,29.6,1.4,30.6,36.0,Sugarcane,Sandy Loam,Adequate,0,0,1,0
42.0,10.7,62.8,18.0,2.5,38.7,43.1,Soybean,Red Soil,Low / Moderate Deficit,1,0,1,0
45.9,19.0,63.8,32.6,16.8,42.2,46.1,Pulses,Sandy Loam,Adequate,0,0,1,0
30.2,0.0,72.2,22.0,35.4,6.1,30.6,Paddy,Red Soil,Critical Deficit,0,0,0,0
26.9,0.0,70.1,16.1,5.7,1.2,25.3,Soybean,Sandy Loam,Critical Deficit,1,0,0,0
30.7,0.0,42.8,32.1,0.1,67.0,31.1,Mustard,Sandy Loam,Adequate,0,0,0,0
28.7,0.0,61.4,16.9,7.1,11.2,29.2,Cotton,Red Soil,Critical Deficit,1,0,0,0
22.5,0.0,81.4,25.2,56.8,84.6,22.6,Soybean,Clayey Loam,Low / Moderate Deficit,0,0,0,1
26.7,0.0,74.9,22.1,9.4,44.6,24.2,Cotton,Red Soil,Adequate,0,0,0,0
30.4,5.6,49.5,26.6,2.5,80.9,32.4,Cotton,Red Soil,Low / Moderate Deficit,0,0,0,0
25.5,0.0,45.1,38.4,5.0,55.1,27.8,Sugarcane,Black Soil,Adequate,0,0,0,0
20.4,17.0,67.1,56.0,18.5,101.0,22.3,Maize,Sandy Loam,Saturated,0,1,0,0
25.3,0.0,51.2,21.6,1.3,78.3,25.0,Cotton,Clayey Loam,Low / Moderate Deficit,1,0,0,0
32.7,0.7,63.1,45.0,2.0,243.2,31.8,Pulses,Clayey Loam,Saturated,0,0,0,0
33.0,0.0,46.9,23.9,1.7,71.7,32.9,Soybean,Red Soil,Low / Moderate Deficit,0,0,0,0
29.0,0.0,37.6,25.3,0.9,67.4,30.6,Wheat,Red Soil,Adequate,0,0,0,0
32.2,0.0,50.8,53.8,5.1,190.3,32.3,Sugarcane,Alluvial Soil,Saturated,0,0,0,0
22.5,0.0,58.1,16.6,6.6,11.5,23.7,Wheat,Sandy Loam,Critical Deficit,1,0,0,0
33.2,0.0,76.7,23.9,6.8,39.2,35.7,Pulses,Red Soil,Low / Moderate Deficit,0,0,0,0
32.7,0.0,41.7,53.1,7.0,216.6,31.6,Mustard,Alluvial Soil,Saturated,0,0,0,0
27.2,6.3,74.1,51.8,8.3,177.7,26.0,Mustard,Sandy Loam,Saturated,0,0,0,0
32.3,0.0,24.9,36.6,3.6,64.1,31.8,Maize,Black Soil,Adequate,0,0,0,0
17.8,0.0,41.0,29.5,3.8,38.9,18.2,Mustard,Black Soil,Adequate,0,0,0,0
28.2,0.0,77.4,21.6,35.4,27.1,26.6,Wheat,Sandy Loam,Low / Moderate Deficit,1,0,0,0
22.9,0.0,67.3,30.2,5.4,71.0,22.1,Wheat,Clayey Loam,Low / Moderate Deficit,0,0,0,0
33.8,0.0,66.5,17.7,1.4,3.1,32.8,Cotton,Alluvial Soil,Critical Deficit,1,0,0,0
28.7,0.0,53.6,22.1,3.1,48.3,33.1,Mustard,Red Soil,Adequate,0,0,0,0
30.2,16.0,64.1,35.2,14.4,82.5,29.9,Maize,Black Soil,Adequate,0,0,0,0
32.3,0.0,66.6,26.0,1.3,39.8,34.3,Mustard,Sandy Loam,Adequate,0,0,0,0
38.6,0.0,73.3,52.1,27.5,221.5,38.0,Cotton,Black Soil,Saturated,0,1,1,0
19.9,0.0,49.0,60.7,4.8,170.0,19.3,Cotton,Red Soil,Saturated,0,0,0,0
24.1,0.0,44.6,23.5,1.8,20.4,23.0,Maize,Alluvial Soil,Adequate,0,0,0,0
40.3,0.0,67.8,27.0,0.5,34.5,39.5,Mustard,Red Soil,Adequate,0,0,1,0
34.1,0.0,77.2,41.8,10.0,45.1,34.4,Sugarcane,Black Soil,Adequate,0,0,0,0
31.0,6.2,66.4,34.1,0.2,80.6,29.5,Soybean,Black Soil,Adequate,0,0,0,0
26.2,0.0,36.5,25.5,2.1,59.7,26.2,Sugarcane,Red Soil,Low / Moderate Deficit,0,0,0,0
32.3,0.0,80.2,37.6,8.7,58.3,33.4,Pulses,Red Soil,Adequate,0,0,0,0
31.6,0.0,37.7,21.7,4.5,82.6,33.9,Soybean,Black Soil,Adequate,0,0,0,0
32.9,0.0,81.2,18.0,11.7,64.2,32.8,Pulses,Clayey Loam,Low / Moderate Deficit,1,0,0,0
33.6,0.0,44.5,23.2,1.8,26.7,32.0,Pulses,Sandy Loam,Adequate,0,0,0,0
31.9,0.0,85.2,20.2,13.6,54.1,31.5,Wheat,Sandy Loam,Adequate,0,0,0,0
34.3,0.0,69.4,13.9,0.5,10.4,34.6,Soybean,Clayey Loam,Critical Deficit,1,0,0,0
31.9,0.0,78.0,29.8,0.8,58.8,32.0,Paddy,Alluvial Soil,Adequate,0,0,0,0
38.2,0.0,65.6,35.9,0.3,67.4,40.2,Soybean,Clayey Loam,Adequate,0,0,1,0
23.2,0.0,71.7,23.4,37.4,34.7,23.7,Pulses,Black Soil,Low / Moderate Deficit,0,0,0,0
32.2,0.0,38.0,20.3,1.2,0.3,32.7,Wheat,Red Soil,Critical Deficit,1,0,0,0
34.9,0.0,74.2,30.0,34.8,31.5,34.5,Mustard,Alluvial Soil,Low / Moderate Deficit,0,0,0,0
36.8,0.0,65.2,33.7,1.4,31.8,35.8,Pulses,Black Soil,Adequate,0,0,0,0
27.6,5.6,88.4,18.0,7.5,48.2,26.1,Pulses,Clayey Loam,Low / Moderate Deficit,1,0,0,0
28.8,0.0,31.3,15.3,2.5,5.5,29.1,Pulses,Alluvial Soil,Critical Deficit,1,0,0,0
34.0,0.0,87.9,30.9,1.3,77.8,35.8,Maize,Black Soil,Adequate,0,0,0,0
30.2,0.0,87.6,22.0,32.3,13.5,30.2,Soybean,Clayey Loam,Critical Deficit,0,0,0,0
30.0,0.0,51.1,30.2,2.4,37.5,29.0,Paddy,Clayey Loam,Adequate,0,0,0,0
35.4,0.0,79.6,21.9,7.4,6.6,34.4,Wheat,Sandy Loam,Critical Deficit,1,0,0,0
31.5,0.0,53.7,14.6,3.2,5.9,30.4,Cotton,Red Soil,Critical Deficit,1,0,0,0
33.1,0.0,80.7,18.0,6.4,33.2,34.0,Wheat,Clayey Loam,Adequate,0,0,0,0
23.1,0.0,76.2,28.2,11.1,35.7,23.1,Cotton,Red Soil,Adequate,0,0,0,0
37.3,0.0,48.0,13.9,1.9,11.3,38.4,Sugarcane,Black Soil,Critical Deficit,1,0,0,0
27.3,0.0,84.6,18.8,11.9,83.7,27.9,Soybean,Alluvial Soil,Low / Moderate Deficit,1,0,0,0
34.5,0.0,73.0,19.0,8.6,50.7,34.5,Cotton,Alluvial Soil,Adequate,0,0,0,0
36.3,0.0,22.0,26.9,1.5,42.8,36.2,Sugarcane,Clayey Loam,Adequate,0,0,0,0
24.6,0.0,80.6,22.7,3.6,69.2,24.9,Sugarcane,Sandy Loam,Adequate,0,0,0,0
34.6,0.0,48.9,24.9,4.1,63.8,35.5,Pulses,Alluvial Soil,Adequate,0,0,0,0
18.0,0.0,56.3,9.4,3.5,1.1,16.0,Mustard,Alluvial Soil,Critical Deficit,1,0,0,0
38.1,0.0,53.3,18.9,8.3,7.5,36.0,Pulses,Clayey Loam,Critical Deficit,1,0,1,0
43.8,0.0,46.6,30.9,0.1,50.9,45.4,Maize,Black Soil,Adequate,0,0,1,0
29.8,0.0,57.9,26.7,3.5,78.0,28.2,Maize,Red Soil,Adequate,0,0,0,0
37.9,0.0,54.5,32.2,1.5,58.2,37.2,Sugarcane,Alluvial Soil,Adequate,0,0,0,0
30.7,0.0,61.8,17.1,5.0,8.7,28.9,Pulses,Red Soil,Critical Deficit,1,0,0,0
31.5,0.0,74.0,11.7,8.2,6.6,34.1,Pulses,Sandy Loam,Critical Deficit,1,0,0,0
39.4,7.3,44.9,31.5,3.6,67.5,40.2,Paddy,Black Soil,Adequate,0,0,1,0
34.1,18.1,76.7,51.2,25.8,201.0,30.2,Paddy,Clayey Loam,Saturated,0,1,0,0
33.5,0.0,34.0,34.9,2.6,60.3,32.2,Paddy,Black Soil,Adequate,0,0,0,0
23.0,0.0,33.8,19.6,2.3,20.8,19.8,Maize,Clayey Loam,Adequate,0,0,0,0
30.9,0.0,82.9,18.0,30.5,77.1,31.1,Paddy,Alluvial Soil,Adequate,0,0,0,0
33.8,0.0,65.1,29.3,0.2,25.1,34.2,Sugarcane,Black Soil,Low / Moderate Deficit,0,0,0,0
30.8,0.0,55.6,26.8,1.4,40.9,30.0,Wheat,Alluvial Soil,Adequate,0,0,0,0
27.8,0.0,69.9,31.8,2.1,21.9,28.3,Maize,Sandy Loam,Adequate,0,0,0,0
25.8,0.0,80.0,22.7,3.3,45.5,25.8,Sugarcane,Clayey Loam,Low / Moderate Deficit,0,0,0,0
21.1,8.1,22.3,20.2,4.2,5.5,19.8,Cotton,Black Soil,Critical Deficit,1,0,0,0
33.3,0.0,62.4,60.6,2.0,178.9,32.6,Soybean,Red Soil,Saturated,0,0,0,0
29.9,0.0,90.3,18.0,25.5,21.1,26.8,Sugarcane,Alluvial Soil,Low / Moderate Deficit,1,0,0,0
26.6,0.0,74.7,13.3,10.6,14.9,28.5,Wheat,Alluvial Soil,Critical Deficit,1,0,0,0
27.5,0.0,68.2,15.9,0.2,6.7,28.8,Maize,Black Soil,Critical Deficit,1,0,0,0
24.8,0.0,66.3,62.9,2.3,93.0,25.7,Pulses,Black Soil,Saturated,0,0,0,0
31.1,0.0,42.4,36.3,3.4,38.2,30.0,Maize,Black Soil,Low / Moderate Deficit,0,0,0,0
26.0,0.0,66.5,36.1,10.4,65.7,25.7,Wheat,Black Soil,Low / Moderate Deficit,0,0,0,0
33.1,0.0,55.1,19.2,0.2,71.8,33.5,Sugarcane,Clayey Loam,Adequate,0,0,0,0
28.0,0.0,40.0,16.8,1.3,9.0,26.3,Maize,Sandy Loam,Critical Deficit,1,0,0,0
33.8,0.0,67.3,18.0,1.0,41.2,31.9,Maize,Alluvial Soil,Adequate,0,0,0,0
32.0,0.0,52.6,26.1,0.4,75.4,28.8,Paddy,Alluvial Soil,Adequate,0,0,0,0
28.2,25.4,39.4,25.7,12.8,66.1,25.0,Cotton,Clayey Loam,Adequate,0,0,0,0
37.4,0.0,70.0,19.3,0.6,55.3,38.8,Soybean,Sandy Loam,Low / Moderate Deficit,1,0,0,0
23.5,0.0,40.7,33.5,1.6,20.7,21.3,Sugarcane,Sandy Loam,Low / Moderate Deficit,0,0,0,0
31.9,0.0,65.7,28.8,4.5,32.4,31.9,Sugarcane,Alluvial Soil,Low / Moderate Deficit,0,0,0,0
29.2,0.0,43.4,33.1,0.8,36.7,29.6,Soybean,Red Soil,Adequate,0,0,0,0
42.3,0.0,66.6,32.6,15.6,67.1,42.7,Paddy,Alluvial Soil,Adequate,0,0,1,0
33.2,0.0,54.7,27.8,1.5,21.6,33.6,Mustard,Red Soil,Adequate,0,0,0,0
36.5,0.0,47.0,13.4,8.6,14.4,35.4,Sugarcane,Clayey Loam,Critical Deficit,1,0,0,0
23.8,0.0,77.9,29.1,52.9,28.0,21.6,Mustard,Alluvial Soil,Adequate,0,0,0,1
27.4,0.0,70.1,13.8,6.7,1.7,30.1,Cotton,Black Soil,Critical Deficit,1,0,0,0
27.2,0.0,40.5,18.0,0.8,35.2,25.7,Cotton,Red Soil,Adequate,0,0,0,0
34.1,0.0,76.5,34.5,0.2,84.4,34.4,Pulses,Black Soil,Adequate,0,0,0,0
22.0,0.0,35.8,13.4,4.1,14.9,21.9,Mustard,Red Soil,Critical Deficit,1,0,0,0
34.1,6.2,61.3,33.6,0.5,53.4,33.4,Soybean,Black Soil,Adequate,0,0,0,0
35.8,0.0,43.4,24.6,0.8,47.3,33.2,Maize,Sandy Loam,Adequate,0,0,0,0
27.2,0.0,42.7,31.4,4.5,60.1,26.8,Mustard,Black Soil,Adequate,0,0,0,0
25.9,0.0,65.6,21.5,2.2,44.8,25.7,Sugarcane,Alluvial Soil,Adequate,0,0,0,0
23.8,0.0,30.2,24.0,9.4,35.7,24.3,Soybean,Red Soil,Adequate,0,0,0,0
37.0,0.0,51.2,36.6,6.4,43.9,38.1,Maize,Sandy Loam,Adequate,0,0,0,0
29.2,0.0,50.3,48.0,4.2,28.4,30.2,Pulses,Black Soil,Adequate,0,0,0,0
27.3,0.0,97.6,18.0,52.8,60.2,29.5,Mustard,Red Soil,Low / Moderate Deficit,1,0,0,1
25.2,0.0,30.2,30.3,1.7,54.5,24.0,Soybean,Sandy Loam,Adequate,0,0,0,0
31.9,0.0,68.5,18.0,8.4,55.0,30.5,Wheat,Sandy Loam,Adequate,0,0,0,0
32.7,0.0,45.5,37.8,1.8,68.8,31.4,Soybean,Black Soil,Adequate,0,0,0,0
31.4,0.0,48.8,23.3,2.0,20.3,30.9,Mustard,Alluvial Soil,Adequate,0,0,0,0
39.1,0.0,30.5,30.2,3.7,80.9,40.7,Maize,Sandy Loam,Adequate,0,0,1,0
32.9,0.0,79.3,28.9,16.0,37.7,33.5,Maize,Clayey Loam,Low / Moderate Deficit,0,0,0,0
22.5,0.0,65.5,54.2,14.1,123.3,23.6,Maize,Clayey Loam,Saturated,0,0,0,0
28.1,11.6,73.3,18.1,7.9,6.8,28.6,Cotton,Clayey Loam,Critical Deficit,1,0,0,0
44.1,0.0,62.6,36.2,0.9,67.9,43.6,Wheat,Red Soil,Low / Moderate Deficit,0,0,1,0
32.4,0.0,57.7,33.5,7.4,81.4,31.5,Wheat,Black Soil,Low / Moderate Deficit,0,0,0,0
24.1,0.0,59.1,21.6,4.1,2.1,25.0,Sugarcane,Clayey Loam,Critical Deficit,1,0,0,0
35.9,0.0,76.2,30.7,11.0,66.6,38.4,Sugarcane,Black Soil,Adequate,0,0,0,0
32.1,0.0,56.5,18.0,2.0,52.4,30.9,Cotton,Red Soil,Adequate,0,0,0,0
17.0,0.0,42.8,18.8,1.4,42.9,17.3,Cotton,Sandy Loam,Low / Moderate Deficit,1,0,0,0
30.9,0.0,46.4,20.4,0.1,1.7,28.7,Pulses,Black Soil,Critical Deficit,1,0,0,0
30.1,0.0,37.7,25.1,0.1,26.2,30.3,Mustard,Black Soil,Adequate,0,0,0,0
31.4,0.0,63.7,18.0,4.3,31.8,33.3,Soybean,Red Soil,Low / Moderate Deficit,1,0,0,0
32.1,0.0,83.0,14.9,32.8,2.2,29.8,Cotton,Alluvial Soil,Critical Deficit,1,0,0,0
28.3,0.0,47.8,39.3,5.4,55.1,28.2,Cotton,Alluvial Soil,Adequate,0,0,0,0
37.5,0.0,75.3,14.5,14.2,6.5,36.1,Mustard,Sandy Loam,Critical Deficit,1,0,1,0
36.3,0.0,47.5,38.3,3.9,64.3,37.2,Mustard,Black Soil,Adequate,0,0,0,0
37.8,0.0,28.3,59.2,0.2,180.8,36.8,Cotton,Sandy Loam,Saturated,0,0,0,0
39.1,0.0,39.1,21.0,6.3,27.3,37.7,Sugarcane,Alluvial Soil,Adequate,0,0,1,0
38.7,0.0,39.8,34.7,0.8,70.0,41.7,Cotton,Clayey Loam,Low / Moderate Deficit,0,0,1,0
35.8,0.0,57.7,29.4,13.9,66.9,33.1,Maize,Red Soil,Low / Moderate Deficit,0,0,0,0
24.9,15.3,49.5,41.2,29.2,23.4,22.5,Sugarcane,Black Soil,Low / Moderate Deficit,0,1,0,0
38.7,0.0,39.9,24.7,5.7,67.7,36.8,Sugarcane,Clayey Loam,Low / Moderate Deficit,0,0,1,0
26.0,0.0,49.4,30.9,4.1,66.6,25.5,Pulses,Black Soil,Low / Moderate Deficit,0,0,0,0
27.3,0.0,44.8,30.8,1.3,26.4,25.4,Mustard,Sandy Loam,Adequate,0,0,0,0
26.7,20.0,51.2,22.4,15.6,69.8,25.5,Pulses,Sandy Loam,Adequate,0,0,0,0
27.0,0.0,55.8,28.7,2.4,53.4,28.7,Maize,Alluvial Soil,Adequate,0,0,0,0
28.3,0.0,39.6,19.4,4.6,2.2,30.1,Pulses,Alluvial Soil,Critical Deficit,1,0,0,0
27.6,0.0,56.0,21.4,5.8,83.3,27.7,Paddy,Red Soil,Adequate,0,0,0,0
29.4,0.0,74.4,27.8,15.5,23.9,30.9,Soybean,Red Soil,Adequate,0,0,0,0
38.0,0.0,64.0,15.2,1.3,8.0,37.8,Sugarcane,Red Soil,Critical Deficit,1,0,1,0
24.7,0.0,78.9,15.4,9.8,11.5,23.3,Wheat,Alluvial Soil,Critical Deficit,1,0,0,0
25.4,0.0,80.3,20.0,10.3,33.0,24.3,Cotton,Sandy Loam,Low / Moderate Deficit,1,0,0,0
28.9,0.0,57.9,29.7,3.2,68.4,25.7,Mustard,Red Soil,Low / Moderate Deficit,0,0,0,0
28.6,0.0,56.8,49.8,3.6,238.9,30.2,Cotton,Red Soil,Saturated,0,0,0,0
35.8,0.0,48.4,32.0,1.7,64.7,32.8,Mustard,Black Soil,Adequate,0,0,0,0
28.3,0.0,47.2,55.5,3.3,187.4,28.3,Sugarcane,Red Soil,Saturated,0,0,0,0
35.0,1.1,77.5,19.4,21.6,50.8,35.5,Cotton,Clayey Loam,Adequate,0,0,0,0
40.5,0.0,77.2,18.0,1.5,69.5,41.5,Paddy,Sandy Loam,Low / Moderate Deficit,1,0,1,0
35.4,56.5,76.5,19.0,6.3,59.2,35.2,Mustard,Sandy Loam,Adequate,0,0,0,1
18.2,0.0,79.4,36.7,4.5,40.0,19.5,Cotton,Sandy Loam,Low / Moderate Deficit,0,0,0,0
31.7,29.4,79.2,29.0,14.7,65.9,30.6,Paddy,Sandy Loam,Adequate,0,0,0,0
39.1,0.0,30.6,29.7,1.4,20.6,40.4,Maize,Sandy Loam,Adequate,0,0,1,0
39.0,0.0,55.4,13.8,0.5,4.9,39.7,Pulses,Black Soil,Critical Deficit,1,0,1,0
22.8,0.0,56.9,21.7,3.3,63.0,21.8,Maize,Clayey Loam,Adequate,0,0,0,0
31.5,0.0,54.6,19.5,0.4,8.5,30.8,Paddy,Alluvial Soil,Critical Deficit,1,0,0,0
30.7,0.0,30.8,40.2,1.7,57.5,30.5,Sugarcane,Black Soil,Adequate,0,0,0,0
38.0,0.0,94.0,27.0,116.9,54.9,38.8,Soybean,Red Soil,Adequate,0,0,1,1
36.2,0.0,46.9,25.2,6.4,62.1,34.4,Wheat,Clayey Loam,Adequate,0,0,0,0
23.8,0.0,86.6,32.8,13.0,55.6,24.7,Soybean,Alluvial Soil,Low / Moderate Deficit,0,0,0,0
30.0,0.0,31.1,23.1,2.0,85.0,32.0,Soybean,Clayey Loam,Low / Moderate Deficit,0,0,0,0
34.0,0.0,68.4,27.1,2.7,62.8,34.6,Maize,Sandy Loam,Adequate,0,0,0,0
34.0,0.0,57.3,13.1,5.6,13.5,32.3,Maize,Alluvial Soil,Critical Deficit,1,0,0,0
23.8,0.0,76.8,14.2,27.4,11.0,22.7,Cotton,Alluvial Soil,Critical Deficit,1,0,0,0
20.0,0.0,67.2,53.1,0.8,208.5,20.7,Soybean,Red Soil,Saturated,0,0,0,0
32.5,0.0,67.1,16.2,1.5,13.0,34.0,Sugarcane,Clayey Loam,Critical Deficit,1,0,0,0
45.8,0.0,61.1,18.8,3.8,4.4,46.4,Soybean,Sandy Loam,Critical Deficit,1,0,1,0
19.5,0.0,57.3,24.7,1.3,84.7,18.4,Sugarcane,Clayey Loam,Adequate,0,0,0,0
31.7,0.2,62.8,19.4,3.6,55.5,29.9,Pulses,Clayey Loam,Low / Moderate Deficit,1,0,0,0
14.0,9.1,57.7,34.4,2.7,63.6,14.7,Soybean,Sandy Loam,Adequate,0,0,0,0
40.3,0.0,55.3,18.0,8.9,65.1,40.9,Maize,Alluvial Soil,Adequate,0,0,1,0
28.7,0.0,54.8,15.3,3.9,11.1,29.5,Mustard,Red Soil,Critical Deficit,1,0,0,0
35.1,0.0,75.2,22.1,26.8,24.3,35.1,Soybean,Alluvial Soil,Adequate,0,0,0,0
22.4,0.0,49.1,29.0,5.6,67.6,21.0,Paddy,Alluvial Soil,Low / Moderate Deficit,0,0,0,0
32.9,0.0,71.4,18.1,81.2,1.8,29.3,Paddy,Clayey Loam,Critical Deficit,1,0,0,1
29.5,0.0,64.8,14.8,1.8,7.6,30.2,Mustard,Black Soil,Critical Deficit,1,0,0,0
26.8,0.0,68.7,26.9,2.9,29.2,26.0,Maize,Red Soil,Low / Moderate Deficit,0,0,0,0
31.0,0.0,95.7,22.6,12.7,36.9,32.3,Cotton,Red Soil,Low / Moderate Deficit,0,0,0,0
27.3,0.0,76.3,25.6,1.2,73.1,25.6,Wheat,Black Soil,Adequate,0,0,0,0
31.8,5.2,92.5,25.1,63.7,75.1,29.5,Cotton,Red Soil,Low / Moderate Deficit,0,0,0,1
30.0,0.0,74.2,17.3,15.1,5.8,29.7,Sugarcane,Red Soil,Critical Deficit,1,0,0,0
33.1,14.5,48.1,27.2,8.7,34.1,32.4,Wheat,Sandy Loam,Adequate,0,0,0,0
27.5,0.0,32.5,17.6,6.5,5.1,29.4,Wheat,Clayey Loam,Critical Deficit,1,0,0,0
38.1,0.0,68.1,41.6,2.5,33.4,36.8,Pulses,Black Soil,Low / Moderate Deficit,0,0,1,0
29.3,1.9,83.7,26.9,34.0,29.4,30.5,Mustard,Clayey Loam,Low / Moderate Deficit,0,0,0,0
41.9,0.0,35.0,58.9,4.0,232.4,43.0,Cotton,Sandy Loam,Saturated,0,0,1,0
37.7,0.0,60.8,54.9,1.6,247.7,36.8,Wheat,Sandy Loam,Saturated,0,0,1,0
32.6,0.0,62.1,19.8,0.2,37.0,32.6,Mustard,Red Soil,Low / Moderate Deficit,1,0,0,0
27.4,0.0,29.1,34.0,3.4,73.9,28.7,Soybean,Clayey Loam,Adequate,0,0,0,0
30.5,0.0,77.7,18.7,53.0,0.6,30.6,Pulses,Alluvial Soil,Critical Deficit,1,0,0,1
31.0,0.0,77.9,28.6,50.9,83.8,32.9,Soybean,Alluvial Soil,Adequate,0,0,0,1
33.2,0.0,33.9,19.2,0.1,81.6,34.5,Sugarcane,Red Soil,Low / Moderate Deficit,1,0,0,0
32.6,0.0,58.4,36.3,1.1,21.5,34.7,Maize,Sandy Loam,Adequate,0,0,0,0
22.5,0.0,52.9,13.4,2.0,9.2,21.8,Mustard,Red Soil,Critical Deficit,1,0,0,0
32.8,0.0,35.3,28.9,1.3,31.5,31.8,Wheat,Alluvial Soil,Low / Moderate Deficit,0,0,0,0
26.0,0.0,57.5,24.3,2.2,63.5,27.8,Maize,Black Soil,Adequate,0,0,0,0
33.2,0.0,77.9,19.0,38.1,27.6,33.2,Wheat,Red Soil,Low / Moderate Deficit,1,0,0,0
27.5,0.0,32.1,30.3,0.5,55.3,29.2,Cotton,Sandy Loam,Low / Moderate Deficit,0,0,0,0
25.0,0.0,57.7,34.4,6.9,57.3,25.7,Paddy,Red Soil,Adequate,0,0,0,0
27.1,0.0,59.9,25.0,1.6,66.1,28.3,Maize,Red Soil,Low / Moderate Deficit,0,0,0,0
33.0,10.7,65.0,33.9,28.4,81.2,31.7,Paddy,Black Soil,Low / Moderate Deficit,0,0,0,0
38.2,4.9,83.9,27.1,15.5,51.5,36.3,Sugarcane,Red Soil,Adequate,0,0,1,0
26.1,0.0,60.4,27.6,1.3,69.8,27.3,Wheat,Sandy Loam,Adequate,0,0,0,0
31.1,0.0,33.7,29.9,2.1,65.8,29.4,Soybean,Clayey Loam,Adequate,0,0,0,0
22.7,0.0,76.9,12.6,10.8,6.1,21.5,Cotton,Red Soil,Critical Deficit,1,0,0,0
24.8,46.1,59.3,29.6,41.6,72.2,25.4,Maize,Clayey Loam,Adequate,0,0,0,1
36.2,0.0,21.4,24.3,0.3,76.2,36.4,Maize,Sandy Loam,Low / Moderate Deficit,0,0,1,0
32.7,0.0,40.1,22.2,1.0,36.0,36.3,Sugarcane,Clayey Loam,Adequate,0,0,0,0
29.5,0.0,58.1,65.0,0.0,132.1,32.0,Paddy,Clayey Loam,Saturated,0,0,0,0
39.7,0.0,54.2,47.0,1.9,241.7,38.8,Soybean,Alluvial Soil,Saturated,0,0,1,0
34.2,0.0,50.9,48.5,12.0,202.8,35.6,Maize,Clayey Loam,Saturated,0,0,0,0
39.8,0.0,68.4,25.4,0.8,22.0,43.0,Soybean,Alluvial Soil,Adequate,0,0,1,0
19.4,0.0,62.2,31.3,1.4,26.0,21.1,Sugarcane,Sandy Loam,Low / Moderate Deficit,0,0,0,0
33.0,0.0,57.9,13.0,3.8,14.9,33.7,Mustard,Black Soil,Critical Deficit,1,0,0,0
30.3,0.0,74.9,21.2,46.8,24.5,29.5,Soybean,Alluvial Soil,Adequate,0,0,0,0
23.4,0.0,42.1,24.3,3.3,46.5,23.9,Cotton,Alluvial Soil,Adequate,0,0,0,0
26.9,0.0,23.1,16.0,1.3,5.8,30.4,Wheat,Sandy Loam,Critical Deficit,1,0,0,0
26.7,0.0,21.2,32.1,0.6,29.9,27.0,Mustard,Red Soil,Adequate,0,0,0,0
33.0,0.0,74.0,20.6,4.1,39.3,29.6,Soybean,Alluvial Soil,Low / Moderate Deficit,1,0,0,0
30.2,0.0,72.6,20.6,22.9,56.0,28.0,Paddy,Clayey Loam,Adequate,0,0,0,0
30.0,0.0,66.9,20.6,2.4,4.8,31.2,Cotton,Sandy Loam,Critical Deficit,1,0,0,0
27.7,0.0,67.5,36.8,0.2,24.6,26.7,Wheat,Black Soil,Low / Moderate Deficit,0,0,0,0
25.5,0.0,52.9,37.8,5.2,23.2,25.7,Paddy,Black Soil,Adequate,0,0,0,0
35.3,0.0,43.3,21.7,1.8,41.8,38.1,Sugarcane,Alluvial Soil,Low / Moderate Deficit,1,0,0,0
21.6,0.0,29.7,22.0,4.2,54.1,24.4,Pulses,Red Soil,Low / Moderate Deficit,0,0,0,0
32.8,0.0,78.7,39.2,11.7,68.8,30.7,Pulses,Red Soil,Low / Moderate Deficit,0,0,0,0
33.8,13.5,72.2,35.5,1.4,27.9,34.4,Maize,Sandy Loam,Low / Moderate Deficit,0,0,0,0
30.9,0.0,84.5,24.3,10.1,46.4,32.3,Mustard,Clayey Loam,Adequate,0,0,0,0
32.7,9.6,70.7,25.7,5.5,69.0,33.5,Cotton,Alluvial Soil,Adequate,0,0,0,0
36.6,0.0,53.1,28.8,4.7,21.7,34.8,Cotton,Alluvial Soil,Low / Moderate Deficit,0,0,0,0
31.0,0.0,98.0,57.7,9.9,112.8,32.2,Soybean,Black Soil,Saturated,0,0,0,0
35.7,0.0,57.0,33.0,0.1,56.0,37.3,Sugarcane,Alluvial Soil,Low / Moderate Deficit,0,0,0,0
22.6,0.0,50.0,19.2,0.8,74.3,21.5,Maize,Sandy Loam,Adequate,0,0,0,0
19.4,0.0,44.7,22.8,6.4,57.2,18.8,Mustard,Clayey Loam,Adequate,0,0,0,0
26.0,0.0,73.0,35.0,11.3,67.1,24.1,Cotton,Black Soil,Adequate,0,0,0,0
35.6,0.0,51.5,17.1,3.8,4.7,38.1,Maize,Black Soil,Critical Deficit,1,0,0,0
37.2,0.0,66.3,18.3,0.7,83.2,34.9,Wheat,Clayey Loam,Low / Moderate Deficit,1,0,1,0
23.7,0.0,63.4,18.0,0.3,76.3,25.0,Wheat,Sandy Loam,Adequate,0,0,0,0
29.3,0.0,55.6,16.1,4.0,12.3,26.9,Cotton,Clayey Loam,Critical Deficit,1,0,0,0
37.3,0.0,59.0,14.2,4.8,9.8,38.1,Cotton,Alluvial Soil,Critical Deficit,1,0,0,0
32.6,0.0,35.4,28.3,5.4,34.9,31.6,Wheat,Sandy Loam,Adequate,0,0,0,0
26.4,34.4,55.3,28.8,32.8,44.7,28.3,Pulses,Black Soil,Low / Moderate Deficit,0,0,0,0
26.7,2.8,71.3,35.4,15.6,45.0,24.2,Cotton,Black Soil,Low / Moderate Deficit,0,0,0,0
32.3,0.0,52.1,18.8,5.4,40.8,34.1,Cotton,Clayey Loam,Low / Moderate Deficit,1,0,0,0
33.0,0.0,68.6,36.5,0.1,46.1,32.0,Sugarcane,Black Soil,Low / Moderate Deficit,0,0,0,0
40.2,0.0,70.1,14.6,7.9,7.6,39.0,Soybean,Clayey Loam,Critical Deficit,1,0,1,0
30.1,0.0,47.9,11.0,2.3,13.6,29.2,Soybean,Sandy Loam,Critical Deficit,1,0,0,0
30.4,0.0,74.3,18.0,3.3,20.5,29.7,Sugarcane,Clayey Loam,Low / Moderate Deficit,1,0,0,0
30.9,0.0,59.8,14.8,2.7,5.5,30.0,Soybean,Alluvial Soil,Critical Deficit,1,0,0,0
30.2,0.0,78.4,20.8,4.4,48.0,29.1,Cotton,Clayey Loam,Low / Moderate Deficit,1,0,0,0
26.3,0.0,45.5,9.8,2.9,8.5,24.6,Pulses,Sandy Loam,Critical Deficit,1,0,0,0
24.6,0.0,82.3,56.7,24.0,203.4,24.6,Sugarcane,Black Soil,Saturated,0,1,0,0
37.3,0.0,32.7,24.7,1.4,55.4,36.6,Maize,Clayey Loam,Adequate,0,0,1,0
34.3,0.0,52.7,20.4,0.4,83.2,32.9,Cotton,Alluvial Soil,Adequate,0,0,0,0
24.8,0.0,30.2,15.5,6.6,9.8,26.0,Maize,Sandy Loam,Critical Deficit,1,0,0,0
21.9,0.0,87.9,26.0,0.0,83.0,22.1,Sugarcane,Red Soil,Adequate,0,0,0,0
40.2,0.0,75.2,18.2,46.6,10.3,40.7,Cotton,Alluvial Soil,Critical Deficit,1,0,1,0
35.3,0.0,75.8,25.6,8.6,71.4,36.5,Sugarcane,Red Soil,Adequate,0,0,0,0
14.0,0.0,95.5,19.5,8.3,32.5,14.3,Mustard,Sandy Loam,Adequate,0,0,0,0
22.0,0.0,93.3,24.4,35.2,77.2,22.0,Mustard,Alluvial Soil,Adequate,0,0,0,1
29.3,0.0,69.6,24.5,6.6,37.0,31.2,Maize,Clayey Loam,Adequate,0,0,0,0
28.0,0.0,67.2,19.4,1.0,4.1,29.9,Pulses,Sandy Loam,Critical Deficit,1,0,0,0
32.6,0.0,54.8,19.2,0.6,41.7,34.3,Mustard,Alluvial Soil,Adequate,0,0,0,0
30.9,0.0,76.7,26.6,7.7,30.1,32.7,Maize,Sandy Loam,Adequate,0,0,0,0
30.4,0.0,47.6,29.7,19.0,44.8,30.0,Pulses,Red Soil,Adequate,0,0,0,0
33.0,0.0,30.5,23.9,1.1,79.7,30.1,Sugarcane,Red Soil,Adequate,0,0,0,0
29.1,0.0,37.8,39.9,1.0,49.3,29.6,Maize,Alluvial Soil,Adequate,0,0,0,0
39.9,0.0,68.5,45.0,18.7,147.6,37.9,Maize,Sandy Loam,Saturated,0,1,1,0
21.6,0.0,51.3,18.0,6.7,64.8,25.9,Maize,Alluvial Soil,Adequate,0,0,0,0
31.8,6.3,81.4,18.6,16.5,54.8,33.0,Cotton,Red Soil,Adequate,0,0,0,0
29.5,0.0,79.6,35.0,2.0,51.0,31.5,Soybean,Red Soil,Low / Moderate Deficit,0,0,0,0
37.1,0.0,82.5,35.5,5.7,54.9,36.1,Sugarcane,Alluvial Soil,Low / Moderate Deficit,0,0,0,0
27.1,0.0,72.4,52.0,64.2,163.0,25.7,Mustard,Sandy Loam,Saturated,0,1,0,1
26.3,0.8,57.0,19.7,1.6,62.0,27.3,Paddy,Red Soil,Low / Moderate Deficit,1,0,0,0
17.7,0.0,52.4,18.0,11.4,50.2,15.8,Maize,Alluvial Soil,Low / Moderate Deficit,1,0,0,0
29.4,9.2,41.2,18.0,0.3,52.1,29.9,Sugarcane,Clayey Loam,Adequate,0,0,0,0
34.3,0.0,80.8,18.0,15.8,45.5,34.1,Paddy,Clayey Loam,Low / Moderate Deficit,1,0,0,0
36.7,0.0,78.1,17.9,13.3,6.8,33.4,Paddy,Clayey Loam,Critical Deficit,1,0,0,0
21.7,0.0,39.3,23.9,2.6,40.2,25.7,Mustard,Sandy Loam,Adequate,0,0,0,0
18.8,0.0,44.4,19.9,1.1,20.3,15.9,Soybean,Red Soil,Adequate,0,0,0,0
35.3,0.0,54.4,18.0,0.1,53.7,36.0,Pulses,Alluvial Soil,Low / Moderate Deficit,1,0,0,0
43.4,0.0,34.1,16.7,3.5,9.7,41.4,Maize,Alluvial Soil,Critical Deficit,1,0,1,0
30.2,0.0,41.6,19.7,0.2,11.2,30.8,Mustard,Red Soil,Critical Deficit,1,0,0,0
32.6,12.0,57.2,29.8,22.7,60.7,31.5,Paddy,Red Soil,Low / Moderate Deficit,0,0,0,0
26.6,20.3,92.3,32.5,3.4,43.5,27.5,Soybean,Black Soil,Adequate,0,0,0,0
30.1,0.0,73.0,29.9,27.9,80.6,28.3,Maize,Black Soil,Adequate,0,0,0,0
32.8,0.0,60.8,18.0,0.5,30.4,33.2,Maize,Red Soil,Adequate,0,0,0,0
38.9,0.0,57.5,18.0,0.7,81.7,41.9,Mustard,Red Soil,Adequate,0,0,1,0
19.5,0.0,64.2,30.9,0.0,80.7,20.9,Maize,Clayey Loam,Adequate,0,0,0,0
34.6,1.6,78.1,46.1,45.9,225.6,31.3,Pulses,Clayey Loam,Saturated,0,1,0,0
28.6,0.0,56.1,29.7,2.0,31.2,29.9,Mustard,Red Soil,Adequate,0,0,0,0
36.8,0.3,64.4,13.4,3.5,9.4,38.2,Wheat,Red Soil,Critical Deficit,1,0,1,0
28.3,0.0,56.3,24.2,0.2,40.9,27.0,Maize,Clayey Loam,Adequate,0,0,0,0
31.0,22.3,86.7,18.2,11.3,76.6,30.0,Maize,Sandy Loam,Low / Moderate Deficit,1,0,0,0
36.1,0.0,26.8,28.3,0.2,37.0,36.3,Sugarcane,Sandy Loam,Adequate,0,0,0,0
35.4,0.0,45.2,49.4,4.0,204.5,36.5,Pulses,Clayey Loam,Saturated,0,0,0,0
23.3,0.0,48.7,12.9,1.4,11.5,24.4,Cotton,Alluvial Soil,Critical Deficit,1,0,0,0
31.6,0.0,41.6,32.5,2.7,84.1,31.7,Wheat,Red Soil,Low / Moderate Deficit,0,0,0,0
19.9,45.5,66.8,29.8,11.2,59.3,19.3,Pulses,Clayey Loam,Low / Moderate Deficit,0,0,0,1
29.1,0.0,55.1,20.0,2.3,69.3,30.6,Maize,Red Soil,Adequate,0,0,0,0
29.4,0.0,71.0,31.8,28.8,75.0,30.2,Maize,Black Soil,Low / Moderate Deficit,0,0,0,0
26.3,0.0,60.6,22.3,4.1,26.9,27.1,Cotton,Clayey Loam,Adequate,0,0,0,0
38.1,0.0,85.6,18.5,6.4,24.5,40.5,Cotton,Red Soil,Low / Moderate Deficit,1,0,1,0
24.8,53.1,49.1,30.3,28.8,52.4,24.3,Maize,Black Soil,Low / Moderate Deficit,0,0,0,1
31.2,0.0,55.0,20.9,3.9,72.8,30.9,Cotton,Alluvial Soil,Adequate,0,0,0,0
25.7,0.0,60.1,16.0,22.7,12.7,24.3,Mustard,Red Soil,Critical Deficit,1,0,0,0
32.4,0.0,86.8,13.9,34.1,8.6,35.2,Cotton,Black Soil,Critical Deficit,1,0,0,0
19.7,0.0,49.1,45.9,1.6,114.5,22.4,Wheat,Sandy Loam,Saturated,0,0,0,0
26.3,0.0,48.3,27.6,1.0,71.6,26.4,Mustard,Red Soil,Adequate,0,0,0,0
30.0,0.0,46.3,30.2,3.7,46.6,31.4,Soybean,Alluvial Soil,Adequate,0,0,0,0
33.5,42.5,62.3,18.3,1.4,60.7,32.0,Soybean,Red Soil,Adequate,0,0,0,0
32.9,0.0,78.6,25.0,67.6,65.6,34.8,Wheat,Alluvial Soil,Low / Moderate Deficit,0,0,0,1
27.3,8.0,23.8,22.0,3.6,2.8,29.0,Soybean,Sandy Loam,Critical Deficit,0,0,0,0
27.4,0.0,68.3,16.1,2.0,14.7,28.8,Maize,Red Soil,Critical Deficit,1,0,0,0
29.8,0.0,36.5,29.3,3.2,34.9,30.1,Maize,Clayey Loam,Low / Moderate Deficit,0,0,0,0
33.9,0.0,36.8,38.4,0.6,36.2,32.7,Cotton,Red Soil,Low / Moderate Deficit,0,0,0,0
33.5,0.0,16.8,11.7,1.5,9.1,33.2,Wheat,Red Soil,Critical Deficit,1,0,0,0
27.9,0.0,41.2,28.8,6.1,83.2,28.3,Soybean,Clayey Loam,Adequate,0,0,0,0
23.1,0.0,61.8,22.3,4.0,51.3,23.1,Wheat,Alluvial Soil,Adequate,0,0,0,0
25.5,0.0,74.1,38.7,58.4,78.6,28.8,Maize,Red Soil,Low / Moderate Deficit,0,0,0,1
32.8,0.0,54.2,23.4,2.8,47.7,31.9,Pulses,Red Soil,Low / Moderate Deficit,0,0,0,0
24.9,0.0,49.6,23.7,2.9,62.4,26.2,Wheat,Sandy Loam,Low / Moderate Deficit,0,0,0,0
21.8,0.0,49.3,18.0,5.9,70.3,20.3,Cotton,Red Soil,Adequate,0,0,0,0
23.7,0.0,53.6,47.5,3.3,136.8,23.2,Sugarcane,Clayey Loam,Saturated,0,0,0,0
23.9,0.0,47.2,18.0,5.8,76.0,25.0,Maize,Red Soil,Adequate,0,0,0,0
39.5,0.0,74.8,30.4,63.2,58.2,40.0,Sugarcane,Clayey Loam,Adequate,0,0,1,1
29.3,0.0,56.7,15.3,3.2,2.1,27.5,Soybean,Black Soil,Critical Deficit,1,0,0,0
36.8,0.0,89.3,32.6,8.2,69.5,36.2,Pulses,Clayey Loam,Adequate,0,0,0,0
27.0,0.0,32.0,25.5,4.4,79.3,29.0,Paddy,Sandy Loam,Low / Moderate Deficit,0,0,0,0
32.1,0.0,92.7,32.1,2.1,62.6,33.3,Pulses,Black Soil,Adequate,0,0,0,0
24.9,13.9,85.4,12.6,44.8,4.2,23.7,Mustard,Sandy Loam,Critical Deficit,1,0,0,1
25.6,0.0,67.0,18.0,2.8,78.4,25.6,Sugarcane,Red Soil,Adequate,0,0,0,0
32.0,0.0,51.2,28.8,2.8,69.8,30.2,Paddy,Clayey Loam,Adequate,0,0,0,0
36.3,0.0,50.3,22.9,2.5,58.9,36.6,Maize,Red Soil,Adequate,0,0,0,0
21.6,0.0,69.4,36.5,6.2,46.1,20.2,Pulses,Black Soil,Adequate,0,0,0,0
27.4,0.0,66.0,48.3,8.3,110.2,25.6,Sugarcane,Red Soil,Saturated,0,0,0,0
28.2,0.0,85.5,31.5,20.3,40.0,28.6,Pulses,Red Soil,Adequate,0,0,0,0
25.4,5.6,55.2,55.9,0.6,140.0,26.0,Pulses,Alluvial Soil,Saturated,0,0,0,0
34.0,10.3,52.4,32.0,3.1,60.5,33.6,Paddy,Red Soil,Adequate,0,0,0,0
30.7,0.0,64.3,25.9,1.7,65.9,31.9,Maize,Clayey Loam,Adequate,0,0,0,0
30.2,0.0,98.0,33.1,5.8,46.4,31.3,Paddy,Black Soil,Low / Moderate Deficit,0,0,0,0
34.7,0.0,61.6,13.5,2.2,12.7,31.1,Pulses,Alluvial Soil,Critical Deficit,1,0,0,0
20.9,0.0,43.1,12.9,2.1,11.6,20.0,Cotton,Alluvial Soil,Critical Deficit,1,0,0,0
24.8,0.0,45.7,23.7,4.5,40.9,27.0,Wheat,Sandy Loam,Adequate,0,0,0,0
36.2,0.0,58.2,44.6,3.2,21.3,37.5,Wheat,Black Soil,Adequate,0,0,0,0
29.5,0.0,48.7,27.4,2.6,42.4,30.2,Soybean,Black Soil,Adequate,0,0,0,0
28.3,0.0,43.8,16.7,0.3,13.2,27.8,Maize,Alluvial Soil,Critical Deficit,1,0,0,0
27.4,0.0,65.9,26.8,1.8,81.8,28.3,Mustard,Sandy Loam,Low / Moderate Deficit,0,0,0,0
40.1,0.0,49.5,14.0,0.6,2.7,38.9,Cotton,Alluvial Soil,Critical Deficit,1,0,1,0
36.9,0.0,89.3,45.0,9.4,213.2,36.9,Soybean,Clayey Loam,Saturated,0,0,0,0
28.9,0.0,62.9,35.0,12.7,36.0,30.0,Pulses,Black Soil,Low / Moderate Deficit,0,0,0,0
25.1,0.0,19.7,23.0,3.7,54.4,26.0,Maize,Alluvial Soil,Low / Moderate Deficit,0,0,0,0
37.6,0.1,65.8,29.9,3.9,63.0,40.1,Cotton,Black Soil,Adequate,0,0,0,0
25.7,0.0,49.5,19.0,1.3,58.5,25.1,Sugarcane,Alluvial Soil,Adequate,0,0,0,0
19.4,0.0,51.0,49.4,0.4,187.1,19.5,Paddy,Red Soil,Saturated,0,0,0,0
28.5,0.0,61.8,17.2,1.8,2.1,28.5,Paddy,Sandy Loam,Critical Deficit,1,0,0,0
39.6,26.0,61.3,35.2,1.8,32.5,39.4,Paddy,Alluvial Soil,Adequate,0,0,1,0
29.1,0.0,85.5,18.0,62.3,76.4,28.4,Paddy,Sandy Loam,Adequate,0,0,0,1
31.4,3.0,69.9,12.7,0.9,12.0,30.9,Cotton,Black Soil,Critical Deficit,1,0,0,0
33.7,0.0,29.2,56.8,0.9,105.0,34.3,Soybean,Alluvial Soil,Saturated,0,0,0,0
28.8,0.0,47.3,31.7,1.3,48.9,29.2,Wheat,Black Soil,Adequate,0,0,0,0
24.0,0.0,43.8,23.9,2.4,69.8,22.7,Cotton,Red Soil,Low / Moderate Deficit,0,0,0,0
37.2,0.0,44.0,28.4,1.6,71.1,38.2,Pulses,Clayey Loam,Adequate,0,0,0,0
20.1,0.0,58.4,18.0,4.0,40.2,20.4,Paddy,Clayey Loam,Adequate,0,0,0,0
33.8,0.0,98.0,54.0,1.9,117.4,35.4,Paddy,Clayey Loam,Saturated,0,0,0,0
25.9,0.0,33.4,18.9,0.8,63.4,29.7,Paddy,Sandy Loam,Adequate,0,0,0,0
36.8,0.0,64.8,31.8,0.5,68.0,35.5,Pulses,Red Soil,Low / Moderate Deficit,0,0,0,0
34.8,0.0,62.3,19.5,0.5,1.3,33.9,Sugarcane,Sandy Loam,Critical Deficit,1,0,0,0
29.6,0.0,51.4,28.7,1.1,40.3,29.7,Soybean,Clayey Loam,Adequate,0,0,0,0
29.1,0.0,85.1,20.2,10.5,84.0,30.2,Soybean,Red Soil,Adequate,0,0,0,0
31.2,23.3,58.2,10.4,12.0,4.8,31.5,Sugarcane,Clayey Loam,Critical Deficit,1,0,0,0
24.2,0.0,49.6,16.4,1.9,4.4,25.6,Soybean,Clayey Loam,Critical Deficit,1,0,0,0
31.6,0.0,38.7,10.6,5.5,1.3,33.5,Cotton,Clayey Loam,Critical Deficit,1,0,0,0
22.4,0.0,48.0,19.4,5.2,29.4,22.9,Sugarcane,Alluvial Soil,Low / Moderate Deficit,1,0,0,0
40.7,0.0,53.0,18.4,6.7,2.0,42.3,Mustard,Alluvial Soil,Critical Deficit,1,0,1,0
32.5,27.4,54.2,31.8,23.9,70.9,31.1,Paddy,Red Soil,Low / Moderate Deficit,0,0,0,0
35.4,0.0,89.2,18.0,55.3,79.0,35.6,Wheat,Red Soil,Adequate,0,0,0,1
28.8,0.0,83.9,13.1,0.1,10.3,28.3,Cotton,Alluvial Soil,Critical Deficit,1,0,0,0
21.3,0.0,57.1,25.2,0.2,60.2,23.0,Wheat,Sandy Loam,Adequate,0,0,0,0
34.7,0.0,51.4,18.0,0.1,41.4,36.4,Sugarcane,Alluvial Soil,Low / Moderate Deficit,1,0,0,0
23.0,0.0,38.6,32.3,3.2,78.8,25.2,Cotton,Red Soil,Low / Moderate Deficit,0,0,0,0
32.5,0.0,49.7,35.2,3.3,34.9,31.3,Pulses,Sandy Loam,Adequate,0,0,0,0
36.2,0.0,58.4,9.7,1.0,14.4,33.8,Wheat,Sandy Loam,Critical Deficit,1,0,0,0
30.2,0.0,79.6,25.9,20.7,20.9,29.2,Soybean,Sandy Loam,Adequate,0,0,0,0
32.1,0.0,57.2,57.3,1.1,170.2,33.1,Paddy,Clayey Loam,Saturated,0,0,0,0
23.0,1.3,51.5,52.3,0.6,221.0,22.7,Sugarcane,Alluvial Soil,Saturated,0,0,0,0
27.5,0.0,46.9,11.6,6.5,10.0,29.7,Maize,Clayey Loam,Critical Deficit,1,0,0,0
44.6,0.0,58.6,46.1,3.8,240.8,45.1,Paddy,Red Soil,Saturated,0,0,1,0
25.3,0.0,18.4,16.3,3.3,12.4,28.5,Mustard,Sandy Loam,Critical Deficit,1,0,0,0
30.5,0.0,69.7,18.0,4.4,58.5,31.1,Mustard,Red Soil,Adequate,0,0,0,0
32.4,1.6,67.6,18.4,3.2,2.2,30.5,Soybean,Clayey Loam,Critical Deficit,1,0,0,0
27.2,0.0,55.5,34.4,1.5,70.6,28.5,Maize,Black Soil,Adequate,0,0,0,0
23.5,0.0,55.6,21.1,2.5,24.3,26.0,Soybean,Sandy Loam,Adequate,0,0,0,0
37.3,0.0,43.8,35.0,0.8,54.0,39.0,Pulses,Sandy Loam,Adequate,0,0,0,0
28.3,0.0,43.2,22.9,2.7,66.1,29.8,Sugarcane,Sandy Loam,Adequate,0,0,0,0
36.3,0.0,30.6,29.7,0.9,30.4,37.8,Mustard,Sandy Loam,Adequate,0,0,0,0
25.5,0.0,66.7,16.6,1.3,3.3,28.2,Sugarcane,Red Soil,Critical Deficit,1,0,0,0
38.9,0.0,28.8,40.1,3.5,34.1,38.2,Sugarcane,Black Soil,Low / Moderate Deficit,0,0,1,0
30.2,0.0,35.0,29.8,4.3,57.6,28.7,Paddy,Sandy Loam,Adequate,0,0,0,0
26.4,0.0,84.8,25.2,78.5,34.2,25.8,Cotton,Red Soil,Low / Moderate Deficit,0,0,0,1
19.7,0.0,94.0,22.8,6.5,83.4,19.4,Mustard,Alluvial Soil,Low / Moderate Deficit,0,0,0,0
25.5,0.0,89.1,30.2,8.1,20.8,27.7,Sugarcane,Sandy Loam,Adequate,0,0,0,0
34.5,10.3,37.9,21.0,61.1,80.1,36.0,Mustard,Clayey Loam,Adequate,0,0,0,1
42.2,0.0,52.5,24.1,0.6,79.3,40.1,Wheat,Red Soil,Adequate,0,0,1,0
34.1,0.0,45.2,15.7,2.1,9.4,35.5,Paddy,Red Soil,Critical Deficit,1,0,0,0
42.2,24.0,86.3,14.3,32.4,9.3,40.9,Sugarcane,Clayey Loam,Critical Deficit,1,0,1,0
33.0,0.0,68.1,14.1,1.2,11.1,33.9,Soybean,Black Soil,Critical Deficit,1,0,0,0
38.1,64.5,77.7,26.4,23.9,59.2,36.5,Maize,Red Soil,Adequate,0,0,1,1
35.6,0.0,41.1,18.5,3.5,54.8,36.7,Paddy,Clayey Loam,Adequate,0,0,0,0
26.3,0.0,67.3,18.0,1.2,76.3,26.0,Wheat,Alluvial Soil,Low / Moderate Deficit,1,0,0,0
23.9,81.3,63.6,52.3,32.3,155.9,23.6,Wheat,Black Soil,Saturated,0,1,0,1
23.9,0.0,40.2,23.9,2.1,43.4,24.5,Soybean,Sandy Loam,Adequate,0,0,0,0
26.9,0.0,69.3,14.7,4.3,0.3,27.3,Cotton,Red Soil,Critical Deficit,1,0,0,0
21.7,21.6,67.3,44.5,32.0,65.9,19.1,Paddy,Black Soil,Low / Moderate Deficit,0,1,0,0
22.7,0.0,49.9,18.0,1.8,36.4,26.0,Sugarcane,Alluvial Soil,Adequate,0,0,0,0
34.9,3.3,89.9,18.3,26.9,23.8,33.6,Mustard,Sandy Loam,Adequate,0,0,0,0
33.8,6.6,42.1,22.8,1.5,20.7,35.5,Pulses,Sandy Loam,Low / Moderate Deficit,0,0,0,0
27.2,0.0,51.5,11.1,4.7,1.4,27.6,Pulses,Red Soil,Critical Deficit,1,0,0,0
32.5,8.4,60.2,33.4,8.1,65.4,33.9,Paddy,Black Soil,Adequate,0,0,0,0
30.2,0.0,68.2,32.1,0.6,62.4,32.8,Sugarcane,Clayey Loam,Low / Moderate Deficit,0,0,0,0
22.0,5.8,67.7,19.3,3.7,4.4,22.5,Cotton,Clayey Loam,Critical Deficit,1,0,0,0
25.1,0.0,56.2,18.4,9.4,32.3,23.3,Mustard,Alluvial Soil,Low / Moderate Deficit,1,0,0,0
24.7,0.0,28.4,33.2,1.6,73.3,24.7,Mustard,Red Soil,Adequate,0,0,0,0
30.7,27.8,54.1,33.4,61.0,65.9,30.6,Sugarcane,Red Soil,Adequate,0,0,0,1
24.7,0.0,53.2,28.0,1.3,78.7,24.7,Wheat,Alluvial Soil,Low / Moderate Deficit,0,0,0,0
23.0,43.3,68.5,47.2,0.3,135.2,23.3,Cotton,Clayey Loam,Saturated,0,1,0,0
43.0,0.0,83.7,16.6,25.5,2.9,44.8,Pulses,Red Soil,Critical Deficit,1,0,1,0
37.7,3.5,96.2,25.2,8.3,53.6,37.5,Sugarcane,Clayey Loam,Low / Moderate Deficit,0,0,0,0
27.5,0.0,48.1,27.7,6.0,50.1,27.1,Soybean,Alluvial Soil,Low / Moderate Deficit,0,0,0,0
31.5,0.0,53.6,19.1,5.9,57.3,33.0,Cotton,Sandy Loam,Low / Moderate Deficit,1,0,0,0
29.2,0.0,45.2,18.6,9.3,0.3,29.3,Paddy,Clayey Loam,Critical Deficit,1,0,0,0
36.2,0.0,56.6,25.8,0.8,81.8,36.7,Wheat,Clayey Loam,Adequate,0,0,0,0
23.5,0.0,45.7,55.2,4.9,150.0,24.9,Cotton,Red Soil,Saturated,0,0,0,0
26.1,9.9,68.1,22.1,0.2,81.8,25.5,Pulses,Sandy Loam,Adequate,0,0,0,0
34.6,0.0,57.1,11.8,2.0,4.0,32.9,Maize,Clayey Loam,Critical Deficit,1,0,0,0
24.2,0.0,49.4,26.0,0.2,52.3,27.0,Pulses,Red Soil,Low / Moderate Deficit,0,0,0,0
35.4,0.0,54.8,54.0,0.3,95.2,36.8,Soybean,Red Soil,Saturated,0,0,0,0
37.3,0.0,74.4,17.3,26.9,3.9,39.5,Paddy,Red Soil,Critical Deficit,1,0,0,0
38.3,0.0,45.5,36.1,0.1,82.7,37.5,Sugarcane,Black Soil,Adequate,0,0,1,0
23.2,5.7,44.8,17.7,1.8,14.1,23.7,Wheat,Red Soil,Critical Deficit,1,0,0,0
27.0,0.0,65.6,30.3,4.5,37.0,28.6,Sugarcane,Alluvial Soil,Adequate,0,0,0,0
28.3,31.5,71.0,21.9,0.1,77.5,29.4,Soybean,Alluvial Soil,Adequate,0,0,0,0
26.7,0.0,57.0,32.9,0.6,51.3,24.2,Cotton,Alluvial Soil,Low / Moderate Deficit,0,0,0,0
25.5,0.0,65.0,55.2,0.5,123.3,28.7,Cotton,Red Soil,Saturated,0,0,0,0
31.9,0.0,64.5,20.3,2.0,5.3,33.0,Soybean,Red Soil,Critical Deficit,1,0,0,0
33.5,0.0,74.6,17.4,49.2,12.3,34.7,Maize,Red Soil,Critical Deficit,1,0,0,0
36.5,0.0,52.4,29.3,10.6,39.5,37.6,Wheat,Black Soil,Adequate,0,0,1,0
24.1,7.5,69.5,30.0,2.9,66.1,22.5,Maize,Black Soil,Adequate,0,0,0,0
30.3,0.0,64.4,19.9,1.7,80.5,30.5,Soybean,Alluvial Soil,Adequate,0,0,0,0
29.1,0.0,80.9,49.7,6.2,220.5,29.9,Mustard,Black Soil,Saturated,0,0,0,0
31.1,0.0,76.4,35.8,8.3,47.4,32.7,Sugarcane,Black Soil,Adequate,0,0,0,0
24.0,0.0,84.8,25.8,20.7,45.4,24.4,Paddy,Alluvial Soil,Low / Moderate Deficit,0,0,0,0
24.3,40.8,48.0,25.2,60.8,29.9,23.2,Cotton,Clayey Loam,Low / Moderate Deficit,0,0,0,1
26.0,0.0,53.6,27.2,3.4,47.6,27.9,Soybean,Alluvial Soil,Low / Moderate Deficit,0,0,0,0
21.4,0.0,69.5,22.5,0.7,63.6,21.7,Maize,Red Soil,Adequate,0,0,0,0
32.0,6.9,73.9,36.7,38.8,43.3,31.3,Sugarcane,Black Soil,Adequate,0,0,0,0
23.6,0.0,71.8,34.8,16.2,56.0,25.1,Cotton,Red Soil,Adequate,0,0,0,0
29.6,0.0,45.0,40.3,0.2,63.0,30.4,Sugarcane,Black Soil,Low / Moderate Deficit,0,0,0,0
22.9,0.0,47.3,37.4,3.2,68.1,22.6,Cotton,Black Soil,Adequate,0,0,0,0
35.1,0.0,46.2,20.1,4.2,59.1,34.7,Sugarcane,Sandy Loam,Adequate,0,0,0,0
25.5,0.0,72.4,30.9,15.0,22.1,27.8,Sugarcane,Black Soil,Low / Moderate Deficit,0,0,0,0
33.4,0.0,45.2,15.0,0.0,10.2,36.0,Cotton,Clayey Loam,Critical Deficit,1,0,0,0
34.2,0.0,64.5,17.5,0.1,8.2,34.2,Cotton,Clayey Loam,Critical Deficit,1,0,0,0
41.6,0.0,54.5,18.7,0.1,12.8,41.4,Sugarcane,Clayey Loam,Critical Deficit,1,0,1,0
38.0,0.0,73.6,25.1,16.2,42.8,38.2,Cotton,Sandy Loam,Adequate,0,0,1,0
25.3,0.0,40.7,25.2,6.9,50.9,28.2,Soybean,Alluvial Soil,Adequate,0,0,0,0
37.5,0.0,29.8,24.7,3.0,68.6,37.3,Cotton,Sandy Loam,Adequate,0,0,1,0
40.7,0.0,98.0,18.8,6.5,79.2,42.0,Sugarcane,Sandy Loam,Adequate,0,0,1,0
35.4,0.0,49.0,21.3,4.4,30.8,31.9,Soybean,Sandy Loam,Low / Moderate Deficit,1,0,0,0
25.7,0.0,90.0,56.0,14.0,115.8,25.6,Maize,Alluvial Soil,Saturated,0,0,0,0
24.9,0.0,52.0,20.8,0.0,22.1,23.2,Pulses,Clayey Loam,Adequate,0,0,0,0
31.2,0.0,44.8,14.4,8.7,4.4,30.9,Sugarcane,Sandy Loam,Critical Deficit,1,0,0,0
37.3,7.0,74.1,13.6,9.2,5.8,39.8,Pulses,Red Soil,Critical Deficit,1,0,0,0
18.9,0.0,54.3,35.8,5.8,23.8,17.6,Cotton,Clayey Loam,Low / Moderate Deficit,0,0,0,0
30.5,0.0,53.7,25.7,4.1,27.3,33.2,Mustard,Sandy Loam,Adequate,0,0,0,0
28.6,0.0,71.4,11.4,11.4,10.5,27.7,Paddy,Sandy Loam,Critical Deficit,1,0,0,0
25.0,0.0,58.9,39.9,4.7,80.0,26.8,Sugarcane,Sandy Loam,Adequate,0,0,0,0
41.6,0.0,45.7,27.4,6.0,67.8,43.0,Sugarcane,Red Soil,Adequate,0,0,1,0
21.2,0.0,64.4,31.2,1.8,40.8,23.2,Wheat,Sandy Loam,Adequate,0,0,0,0
30.7,10.5,73.1,16.0,12.4,1.9,29.8,Cotton,Red Soil,Critical Deficit,1,0,0,0
29.0,66.5,62.0,14.7,6.0,13.7,27.4,Cotton,Sandy Loam,Critical Deficit,1,0,0,1
31.3,0.0,53.6,17.7,0.3,5.2,32.3,Pulses,Clayey Loam,Critical Deficit,1,0,0,0
27.9,0.0,42.5,24.3,1.4,63.5,26.9,Maize,Sandy Loam,Adequate,0,0,0,0
23.4,14.3,67.9,34.5,26.9,69.7,24.2,Soybean,Black Soil,Low / Moderate Deficit,0,0,0,0
38.3,0.7,85.7,18.0,30.2,37.3,41.1,Maize,Red Soil,Low / Moderate Deficit,1,0,1,0
29.9,0.0,74.3,35.0,7.4,52.0,30.0,Mustard,Sandy Loam,Low / Moderate Deficit,0,0,0,0
31.6,0.0,67.1,50.5,0.8,186.9,32.2,Maize,Black Soil,Saturated,0,0,0,0
35.6,0.0,58.1,16.0,4.6,14.4,31.0,Maize,Sandy Loam,Critical Deficit,1,0,0,0
33.7,8.4,90.9,50.8,20.8,243.6,35.8,Maize,Sandy Loam,Saturated,0,1,0,0
38.5,0.0,58.8,48.0,0.3,71.8,41.3,Cotton,Black Soil,Adequate,0,0,1,0
40.2,0.0,75.4,26.1,71.4,30.5,43.0,Cotton,Sandy Loam,Adequate,0,0,1,1
35.0,0.0,84.7,13.9,14.0,2.4,35.7,Cotton,Clayey Loam,Critical Deficit,1,0,0,0
28.9,0.0,31.8,20.9,2.6,79.8,27.5,Mustard,Red Soil,Low / Moderate Deficit,1,0,0,0
16.7,0.0,46.8,13.1,3.5,11.8,18.1,Cotton,Clayey Loam,Critical Deficit,1,0,0,0
27.0,0.0,44.6,48.6,0.7,161.4,24.4,Maize,Sandy Loam,Saturated,0,0,0,0
31.5,0.0,75.4,28.9,9.8,49.0,29.5,Paddy,Alluvial Soil,Adequate,0,0,0,0
26.6,0.0,32.1,17.0,4.6,3.5,27.2,Cotton,Black Soil,Critical Deficit,1,0,0,0
22.8,0.0,57.5,26.4,5.8,52.4,24.1,Soybean,Clayey Loam,Adequate,0,0,0,0
38.2,0.0,55.3,50.8,11.0,244.0,39.2,Wheat,Clayey Loam,Saturated,0,0,1,0
34.2,4.8,73.2,19.9,81.9,74.6,34.2,Soybean,Black Soil,Low / Moderate Deficit,1,0,0,1
22.0,0.0,41.6,40.8,1.6,47.2,23.5,Soybean,Black Soil,Adequate,0,0,0,0
39.9,14.6,73.1,34.3,8.1,79.2,41.7,Paddy,Red Soil,Adequate,0,0,1,0
24.5,6.1,42.0,16.3,0.2,2.6,25.1,Cotton,Black Soil,Critical Deficit,1,0,0,0
23.4,0.0,42.7,30.0,7.3,72.4,27.4,Maize,Sandy Loam,Adequate,0,0,0,0
41.3,0.0,59.4,33.8,0.5,71.2,42.1,Paddy,Black Soil,Adequate,0,0,1,0
33.2,0.0,65.1,27.4,8.0,25.2,32.8,Wheat,Black Soil,Low / Moderate Deficit,0,0,0,0
25.2,0.0,65.9,23.0,2.9,25.3,25.0,Paddy,Alluvial Soil,Adequate,0,0,0,0
29.0,0.0,48.5,18.0,2.6,40.4,32.9,Maize,Alluvial Soil,Low / Moderate Deficit,1,0,0,0
35.1,18.0,44.4,28.1,10.8,43.7,35.7,Maize,Sandy Loam,Low / Moderate Deficit,0,0,0,0
19.1,0.0,40.4,27.3,6.7,77.9,17.6,Maize,Alluvial Soil,Adequate,0,0,0,0
32.6,0.0,52.0,40.7,7.7,25.5,33.6,Cotton,Black Soil,Low / Moderate Deficit,0,0,0,0
39.2,0.9,76.4,19.9,38.4,69.6,38.8,Sugarcane,Sandy Loam,Low / Moderate Deficit,1,0,1,0
32.7,0.0,92.8,12.9,41.9,14.1,32.4,Pulses,Sandy Loam,Critical Deficit,1,0,0,1
19.6,0.0,71.1,20.0,28.5,6.2,16.5,Paddy,Clayey Loam,Critical Deficit,1,0,0,0
32.2,0.0,66.2,15.0,3.8,1.7,33.8,Paddy,Black Soil,Critical Deficit,1,0,0,0
32.9,0.0,48.2,14.6,0.7,11.9,34.0,Sugarcane,Red Soil,Critical Deficit,1,0,0,0
35.9,66.2,52.1,36.8,26.1,28.0,34.3,Paddy,Sandy Loam,Adequate,0,1,0,1
34.7,0.0,43.2,51.4,3.2,246.8,32.5,Maize,Black Soil,Saturated,0,0,0,0
39.9,0.0,94.6,14.8,17.4,6.2,40.5,Sugarcane,Red Soil,Critical Deficit,1,0,1,0
28.2,0.0,76.4,47.0,15.4,93.7,29.4,Cotton,Clayey Loam,Saturated,0,1,0,0
35.7,0.0,45.9,22.1,7.5,48.5,36.1,Cotton,Red Soil,Adequate,0,0,0,0
35.4,0.0,28.3,55.1,7.6,164.6,37.1,Wheat,Clayey Loam,Saturated,0,0,0,0
30.7,45.4,78.2,28.1,16.8,78.4,30.2,Pulses,Red Soil,Adequate,0,0,0,1
26.4,0.0,49.9,25.0,0.8,51.7,26.1,Pulses,Sandy Loam,Adequate,0,0,0,0
35.5,67.3,56.3,11.3,24.5,4.5,35.8,Sugarcane,Red Soil,Critical Deficit,1,0,0,1
25.2,0.0,61.8,28.5,4.7,29.6,25.4,Soybean,Clayey Loam,Low / Moderate Deficit,0,0,0,0
33.7,50.5,98.0,16.4,25.8,9.2,32.9,Maize,Red Soil,Critical Deficit,1,0,0,1
23.6,0.0,34.8,18.3,1.2,3.0,26.1,Soybean,Red Soil,Critical Deficit,1,0,0,0
40.5,0.0,70.3,23.7,9.3,57.0,40.8,Wheat,Sandy Loam,Adequate,0,0,1,0
34.1,0.0,47.2,14.9,6.6,5.8,35.5,Cotton,Clayey Loam,Critical Deficit,1,0,0,0
23.1,0.0,63.7,26.2,3.1,39.9,23.9,Wheat,Red Soil,Adequate,0,0,0,0
30.4,0.0,62.7,37.4,5.7,72.8,30.1,Wheat,Clayey Loam,Adequate,0,0,0,0
23.5,0.0,58.4,31.1,3.4,42.1,24.7,Pulses,Black Soil,Adequate,0,0,0,0
27.2,0.0,87.9,20.2,50.6,27.1,24.5,Sugarcane,Clayey Loam,Low / Moderate Deficit,1,0,0,1
26.0,7.0,86.4,18.0,5.4,39.2,27.9,Paddy,Clayey Loam,Low / Moderate Deficit,1,0,0,0
28.5,5.7,87.4,23.9,12.9,62.9,28.7,Wheat,Red Soil,Adequate,0,0,0,0
26.0,0.0,69.8,44.2,8.5,67.9,28.3,Sugarcane,Black Soil,Low / Moderate Deficit,0,0,0,0
28.0,0.0,67.7,24.5,5.7,62.7,29.0,Mustard,Sandy Loam,Low / Moderate Deficit,0,0,0,0
39.5,0.0,51.9,19.2,5.0,49.7,42.5,Mustard,Clayey Loam,Adequate,0,0,1,0
32.6,0.0,91.7,18.0,1.0,84.0,32.1,Maize,Sandy Loam,Low / Moderate Deficit,1,0,0,0
23.1,0.0,37.5,40.2,1.9,70.0,23.8,Paddy,Clayey Loam,Adequate,0,0,0,0
41.3,0.0,72.7,26.1,13.2,51.8,41.3,Sugarcane,Sandy Loam,Low / Moderate Deficit,0,0,1,0
33.5,0.0,74.6,17.2,21.7,14.6,35.6,Pulses,Red Soil,Critical Deficit,1,0,0,0
22.0,0.0,67.2,45.6,3.7,230.0,22.0,Cotton,Clayey Loam,Saturated,0,0,0,0
27.8,0.0,58.6,25.8,5.6,31.9,26.9,Soybean,Sandy Loam,Low / Moderate Deficit,0,0,0,0
29.9,0.0,98.0,39.6,1.6,39.0,28.3,Sugarcane,Black Soil,Adequate,0,0,0,0
38.2,0.0,44.2,13.7,2.1,3.5,36.3,Maize,Black Soil,Critical Deficit,1,0,1,0
22.9,0.0,50.6,21.2,0.9,57.2,23.2,Paddy,Alluvial Soil,Adequate,0,0,0,0
30.7,24.1,63.0,21.3,33.4,57.7,30.7,Mustard,Alluvial Soil,Adequate,0,0,0,0
22.9,0.0,84.4,29.8,12.1,69.0,22.2,Paddy,Sandy Loam,Adequate,0,0,0,0
27.3,0.0,52.7,17.1,4.3,13.4,28.1,Pulses,Alluvial Soil,Critical Deficit,1,0,0,0
34.4,22.6,56.8,56.1,33.3,148.6,31.3,Pulses,Alluvial Soil,Saturated,0,1,0,0
31.6,0.0,33.2,20.1,7.3,26.2,30.3,Sugarcane,Sandy Loam,Adequate,0,0,0,0
17.9,0.0,69.8,14.0,5.3,4.4,17.5,Sugarcane,Clayey Loam,Critical Deficit,1,0,0,0
35.3,15.5,72.3,12.0,26.2,11.9,35.4,Mustard,Red Soil,Critical Deficit,1,0,0,0
27.5,0.0,85.5,47.4,1.8,130.7,27.1,Maize,Clayey Loam,Saturated,0,0,0,0
43.4,0.0,62.1,53.3,9.1,102.1,40.3,Soybean,Clayey Loam,Saturated,0,0,1,0
36.3,0.0,80.9,29.8,17.7,82.5,34.2,Maize,Alluvial Soil,Adequate,0,0,0,0
39.3,0.0,59.9,24.6,3.6,35.9,40.4,Mustard,Clayey Loam,Adequate,0,0,1,0
19.5,0.0,40.3,10.4,3.4,11.2,18.5,Wheat,Alluvial Soil,Critical Deficit,1,0,0,0
34.5,3.8,67.3,19.5,3.3,26.2,37.7,Soybean,Red Soil,Adequate,0,0,0,0
36.8,0.0,57.3,20.9,2.9,43.3,36.9,Mustard,Red Soil,Low / Moderate Deficit,1,0,1,0
15.2,0.0,25.7,25.2,1.9,78.9,13.5,Sugarcane,Red Soil,Adequate,0,0,0,0
38.9,51.1,70.1,22.2,24.3,68.1,39.8,Sugarcane,Alluvial Soil,Low / Moderate Deficit,0,0,1,1
39.4,0.0,39.4,30.8,4.0,83.2,39.8,Sugarcane,Black Soil,Adequate,0,0,1,0
34.0,0.0,51.7,21.2,1.6,0.5,34.7,Mustard,Black Soil,Critical Deficit,1,0,0,0
46.8,6.0,73.7,21.6,7.6,22.4,45.3,Mustard,Alluvial Soil,Low / Moderate Deficit,1,0,1,0
21.6,0.0,84.4,53.5,21.2,191.5,23.2,Paddy,Sandy Loam,Saturated,0,1,0,0
31.7,0.0,49.5,31.6,15.1,53.5,33.4,Paddy,Alluvial Soil,Low / Moderate Deficit,0,0,0,0
33.2,23.4,83.8,50.3,30.8,194.6,33.7,Paddy,Clayey Loam,Saturated,0,1,0,0
34.7,0.0,40.3,19.9,0.0,62.9,35.1,Pulses,Clayey Loam,Low / Moderate Deficit,1,0,0,0
34.1,0.0,49.4,45.1,6.9,215.6,32.6,Cotton,Black Soil,Saturated,0,0,0,0
24.6,0.0,46.6,18.0,0.4,60.0,25.6,Paddy,Clayey Loam,Adequate,0,0,0,0
35.9,0.0,98.0,22.0,43.9,56.1,34.2,Wheat,Sandy Loam,Adequate,0,0,0,1
38.6,0.0,27.0,29.2,3.7,37.7,37.8,Mustard,Clayey Loam,Adequate,0,0,1,0
25.2,0.0,46.8,18.5,1.1,82.5,24.3,Mustard,Sandy Loam,Adequate,0,0,0,0
33.4,0.0,52.9,38.2,0.3,39.2,34.4,Mustard,Black Soil,Adequate,0,0,0,0
34.5,0.0,49.7,26.0,3.4,37.5,33.3,Paddy,Clayey Loam,Adequate,0,0,0,0
26.3,0.0,75.2,55.2,36.0,234.6,27.2,Sugarcane,Clayey Loam,Saturated,0,1,0,0
26.1,9.2,74.0,27.2,42.9,20.2,24.9,Paddy,Alluvial Soil,Adequate,0,0,0,0
27.5,17.5,65.2,28.8,13.6,47.3,27.5,Wheat,Sandy Loam,Adequate,0,0,0,0
32.1,0.0,50.2,27.9,0.8,59.1,29.5,Sugarcane,Clayey Loam,Low / Moderate Deficit,0,0,0,0
33.8,2.5,47.7,18.0,0.7,43.7,34.4,Maize,Alluvial Soil,Low / Moderate Deficit,1,0,0,0
34.2,0.0,92.2,23.0,36.9,40.2,34.5,Wheat,Sandy Loam,Adequate,0,0,0,1
34.9,0.0,68.8,21.2,1.2,6.0,30.4,Maize,Sandy Loam,Critical Deficit,1,0,0,0
25.5,0.0,52.5,37.8,4.8,35.0,24.5,Cotton,Alluvial Soil,Adequate,0,0,0,0
25.8,0.0,61.3,13.0,0.5,6.0,28.2,Cotton,Alluvial Soil,Critical Deficit,1,0,0,0
30.2,0.0,92.1,20.7,35.8,11.8,32.4,Cotton,Red Soil,Critical Deficit,1,0,0,1
22.5,0.0,70.6,22.4,64.1,71.4,22.7,Maize,Sandy Loam,Adequate,0,0,0,1
30.5,0.0,43.8,27.0,1.3,77.0,30.0,Soybean,Sandy Loam,Adequate,0,0,0,0
36.1,0.0,68.7,19.8,3.8,34.1,35.6,Pulses,Red Soil,Adequate,0,0,0,0
33.7,0.0,49.0,18.0,2.3,36.3,34.3,Paddy,Clayey Loam,Low / Moderate Deficit,1,0,0,0
40.2,46.4,58.1,32.2,7.7,62.5,40.0,Soybean,Black Soil,Adequate,0,0,1,1
22.7,0.0,45.3,50.5,3.7,166.9,23.0,Maize,Clayey Loam,Saturated,0,0,0,0
26.7,0.0,62.2,31.2,1.5,43.4,25.7,Sugarcane,Red Soil,Low / Moderate Deficit,0,0,0,0
34.1,0.0,59.5,53.3,3.7,112.2,30.9,Wheat,Clayey Loam,Saturated,0,0,0,0
28.1,0.0,40.1,24.3,1.1,66.2,29.3,Paddy,Sandy Loam,Adequate,0,0,0,0
14.0,0.0,72.6,28.3,17.1,51.2,15.6,Sugarcane,Sandy Loam,Adequate,0,0,0,0
31.6,0.0,52.8,18.0,0.7,27.4,32.2,Paddy,Alluvial Soil,Adequate,0,0,0,0
31.5,0.0,39.5,26.2,0.6,20.5,30.9,Paddy,Alluvial Soil,Adequate,0,0,0,0
27.5,0.0,54.5,38.4,4.8,32.4,27.2,Mustard,Black Soil,Adequate,0,0,0,0
40.8,0.0,50.2,20.4,3.1,4.5,41.6,Paddy,Clayey Loam,Critical Deficit,1,0,1,0
31.2,0.0,78.9,50.5,1.5,186.9,30.5,Sugarcane,Clayey Loam,Saturated,0,0,0,0
25.2,0.0,51.3,24.5,2.0,50.0,23.5,Pulses,Clayey Loam,Adequate,0,0,0,0
39.7,0.0,67.2,30.0,9.2,35.9,40.0,Paddy,Red Soil,Adequate,0,0,1,0
31.9,0.0,41.6,14.1,3.1,8.4,31.1,Sugarcane,Black Soil,Critical Deficit,1,0,0,0
36.4,0.0,55.7,61.0,2.5,90.5,36.1,Soybean,Sandy Loam,Saturated,0,0,0,0
21.9,0.0,69.6,31.3,4.7,75.6,21.7,Mustard,Alluvial Soil,Adequate,0,0,0,0
30.6,0.0,56.6,19.3,0.5,8.3,32.6,Mustard,Red Soil,Critical Deficit,1,0,0,0
23.5,0.0,55.1,17.5,0.4,9.9,22.8,Sugarcane,Black Soil,Critical Deficit,1,0,0,0
28.3,30.6,64.2,13.1,39.8,7.7,28.1,Paddy,Sandy Loam,Critical Deficit,1,0,0,0
41.8,0.0,29.0,12.6,4.5,6.0,42.6,Wheat,Clayey Loam,Critical Deficit,1,0,1,0
30.5,5.6,64.6,15.8,0.2,5.2,28.5,Maize,Clayey Loam,Critical Deficit,1,0,0,0
31.7,0.3,83.9,51.0,0.5,249.0,31.8,Pulses,Black Soil,Saturated,0,0,0,0
25.1,0.0,61.4,29.8,2.6,79.6,25.2,Wheat,Red Soil,Adequate,0,0,0,0
20.4,0.0,58.6,29.5,0.9,71.0,21.2,Soybean,Red Soil,Adequate,0,0,0,0
28.4,0.0,15.0,43.7,1.8,73.3,30.0,Soybean,Sandy Loam,Adequate,0,0,0,0
36.6,0.0,70.8,22.5,25.9,79.1,35.2,Soybean,Alluvial Soil,Adequate,0,0,0,0
37.5,0.0,42.0,35.2,15.2,23.2,37.2,Wheat,Alluvial Soil,Low / Moderate Deficit,0,0,1,0
31.7,6.9,65.0,30.0,3.6,84.8,33.6,Soybean,Clayey Loam,Adequate,0,0,0,0
35.6,0.0,29.8,18.0,1.9,26.7,33.4,Paddy,Alluvial Soil,Adequate,0,0,1,0
28.3,0.0,51.6,11.6,0.9,5.2,27.8,Maize,Black Soil,Critical Deficit,1,0,0,0
34.1,0.8,70.8,20.4,5.7,77.5,36.3,Paddy,Alluvial Soil,Adequate,0,0,0,0
34.0,0.0,59.0,22.0,6.8,13.0,35.8,Mustard,Red Soil,Critical Deficit,0,0,0,0
31.6,0.0,69.4,31.0,0.5,48.5,33.0,Wheat,Sandy Loam,Low / Moderate Deficit,0,0,0,0
31.7,0.0,92.5,40.2,16.2,24.4,32.8,Mustard,Black Soil,Adequate,0,0,0,0
17.9,8.3,76.7,21.7,17.3,53.0,17.2,Soybean,Alluvial Soil,Low / Moderate Deficit,1,0,0,0
39.1,0.0,36.8,28.3,2.2,62.6,42.3,Mustard,Alluvial Soil,Low / Moderate Deficit,0,0,1,0
32.4,0.0,63.5,56.6,1.0,174.3,30.3,Mustard,Sandy Loam,Saturated,0,0,0,0
33.7,0.0,58.5,46.6,2.8,31.9,32.9,Pulses,Black Soil,Low / Moderate Deficit,0,0,0,0
32.8,19.4,61.8,30.8,37.3,33.1,31.5,Paddy,Black Soil,Adequate,0,0,0,0
28.0,0.0,78.8,52.7,10.5,152.4,28.1,Soybean,Alluvial Soil,Saturated,0,0,0,0
33.1,0.0,31.0,21.5,1.8,61.8,30.9,Paddy,Red Soil,Adequate,0,0,0,0
32.7,0.0,31.3,63.6,25.2,156.3,33.8,Cotton,Alluvial Soil,Saturated,0,1,0,0
45.1,1.8,62.4,28.4,0.7,39.1,42.0,Wheat,Red Soil,Adequate,0,0,1,0
16.8,0.0,43.4,23.3,0.9,67.8,13.8,Soybean,Sandy Loam,Low / Moderate Deficit,0,0,0,0
32.2,0.0,55.4,39.3,6.3,46.5,32.1,Maize,Black Soil,Adequate,0,0,0,0
40.7,0.0,80.8,17.8,1.2,14.4,41.0,Cotton,Red Soil,Critical Deficit,1,0,1,0
20.5,2.8,64.7,51.8,1.8,248.1,19.9,Maize,Alluvial Soil,Saturated,0,0,0,0
33.0,0.0,47.6,53.8,5.1,203.9,33.3,Soybean,Sandy Loam,Saturated,0,0,0,0
37.5,0.0,50.6,35.5,1.5,75.7,38.0,Cotton,Black Soil,Adequate,0,0,0,0
39.1,0.0,59.3,18.0,13.3,38.6,39.7,Pulses,Clayey Loam,Adequate,0,0,1,0
23.3,0.0,47.7,20.8,0.2,66.7,23.2,Soybean,Sandy Loam,Low / Moderate Deficit,1,0,0,0
32.7,0.0,60.8,29.4,2.0,78.0,34.0,Pulses,Sandy Loam,Adequate,0,0,0,0
32.0,0.0,57.3,33.3,7.8,84.6,29.8,Soybean,Black Soil,Low / Moderate Deficit,0,0,0,0
29.9,3.9,62.9,47.8,1.1,138.3,29.9,Soybean,Red Soil,Saturated,0,0,0,0
25.0,0.0,54.3,26.4,0.7,49.8,26.6,Maize,Red Soil,Adequate,0,0,0,0
32.1,0.0,51.3,19.6,9.0,51.1,34.7,Cotton,Alluvial Soil,Adequate,0,0,0,0
32.1,0.0,24.0,47.7,8.4,125.0,33.9,Paddy,Red Soil,Saturated,0,0,0,0
24.2,0.0,98.0,14.6,21.2,11.2,26.1,Maize,Clayey Loam,Critical Deficit,1,0,0,0
29.1,0.0,55.7,28.2,4.1,47.2,31.8,Wheat,Alluvial Soil,Adequate,0,0,0,0
30.8,0.0,43.2,28.6,1.4,73.4,31.5,Sugarcane,Alluvial Soil,Low / Moderate Deficit,0,0,0,0
34.1,0.0,75.3,19.0,4.3,43.5,33.1,Cotton,Red Soil,Low / Moderate Deficit,1,0,0,0
39.0,0.0,54.4,18.0,1.1,58.7,37.6,Maize,Sandy Loam,Adequate,0,0,1,0
27.9,13.4,41.3,29.9,22.7,58.4,29.8,Soybean,Black Soil,Low / Moderate Deficit,0,0,0,0
27.6,26.3,56.6,23.6,12.2,69.8,27.2,Pulses,Red Soil,Low / Moderate Deficit,0,0,0,0
24.1,0.0,66.0,18.4,1.4,8.7,23.5,Paddy,Clayey Loam,Critical Deficit,1,0,0,0
24.8,0.0,46.7,34.6,1.3,83.2,23.7,Maize,Sandy Loam,Adequate,0,0,0,0
33.7,0.0,45.4,18.0,2.6,24.5,34.8,Paddy,Red Soil,Adequate,0,0,0,0
42.2,15.5,64.8,31.1,7.1,72.5,43.1,Pulses,Alluvial Soil,Adequate,0,0,1,0
36.8,0.0,66.4,14.8,1.8,5.8,37.1,Cotton,Red Soil,Critical Deficit,1,0,0,0
27.4,0.0,37.4,21.7,2.8,37.9,27.3,Sugarcane,Red Soil,Adequate,0,0,0,0
35.2,0.0,40.1,24.1,1.4,56.2,37.9,Paddy,Clayey Loam,Adequate,0,0,0,0
33.5,0.0,54.3,31.6,8.0,20.2,35.3,Wheat,Red Soil,Adequate,0,0,0,0
31.4,0.0,52.2,18.0,0.0,82.8,31.4,Sugarcane,Clayey Loam,Adequate,0,0,0,0
42.9,22.4,92.5,24.6,33.0,77.9,42.5,Mustard,Clayey Loam,Adequate,0,0,1,0
24.9,0.0,45.5,23.5,5.1,23.0,24.2,Wheat,Alluvial Soil,Adequate,0,0,0,0
18.7,0.0,87.4,23.0,8.0,22.4,18.5,Pulses,Alluvial Soil,Adequate,0,0,0,0
34.2,0.0,78.0,15.6,54.3,4.6,36.4,Soybean,Red Soil,Critical Deficit,1,0,0,1
38.4,0.0,73.5,28.7,26.2,66.2,38.3,Cotton,Sandy Loam,Adequate,0,0,1,0
34.6,0.0,15.0,48.0,5.5,77.2,36.3,Soybean,Black Soil,Low / Moderate Deficit,0,0,0,0
36.6,7.7,66.0,28.4,4.0,43.2,37.4,Maize,Black Soil,Low / Moderate Deficit,0,0,0,0
22.2,0.0,40.9,10.2,1.6,3.5,20.5,Sugarcane,Sandy Loam,Critical Deficit,1,0,0,0
35.2,0.0,62.7,18.0,1.2,66.1,37.1,Wheat,Alluvial Soil,Low / Moderate Deficit,1,0,0,0
23.3,29.1,80.9,20.9,2.3,47.3,22.4,Mustard,Sandy Loam,Adequate,0,0,0,0
23.7,0.0,81.6,19.0,5.8,28.6,26.2,Mustard,Alluvial Soil,Low / Moderate Deficit,1,0,0,0
25.8,0.0,51.0,30.7,3.7,75.8,24.8,Paddy,Black Soil,Adequate,0,0,0,0
21.6,0.0,32.3,11.0,2.2,2.4,20.9,Maize,Red Soil,Critical Deficit,1,0,0,0
30.4,21.3,71.7,18.6,1.6,9.8,31.7,Maize,Red Soil,Critical Deficit,1,0,0,0
40.9,0.0,58.7,26.2,0.0,46.0,40.3,Maize,Red Soil,Adequate,0,0,1,0
35.3,3.0,63.2,16.6,2.9,14.8,34.5,Maize,Sandy Loam,Critical Deficit,1,0,0,0
16.5,0.0,34.3,16.7,0.0,9.8,17.0,Pulses,Black Soil,Critical Deficit,1,0,0,0
31.1,0.0,72.4,37.4,61.1,42.5,33.0,Maize,Red Soil,Adequate,0,0,0,1
19.7,10.9,68.2,23.2,6.1,58.8,20.6,Mustard,Red Soil,Adequate,0,0,0,0
28.8,0.0,73.5,36.7,5.5,37.7,33.5,Paddy,Black Soil,Adequate,0,0,0,0
29.0,0.0,65.6,12.9,0.2,0.7,28.7,Maize,Red Soil,Critical Deficit,1,0,0,0
38.3,0.0,90.8,21.5,15.0,46.0,37.6,Sugarcane,Alluvial Soil,Low / Moderate Deficit,1,0,1,0
21.1,16.2,68.9,40.1,35.8,26.4,18.4,Maize,Black Soil,Adequate,0,1,0,0
24.9,0.0,61.6,35.5,4.7,53.9,25.4,Sugarcane,Black Soil,Adequate,0,0,0,0
43.2,0.0,50.8,22.1,2.7,61.6,43.6,Cotton,Black Soil,Adequate,0,0,1,0
32.0,6.0,65.1,31.8,4.0,30.4,33.7,Pulses,Black Soil,Adequate,0,0,0,0
23.0,0.0,60.2,25.8,3.1,67.3,23.7,Wheat,Red Soil,Low / Moderate Deficit,0,0,0,0
28.2,45.5,49.2,17.0,15.0,2.9,26.3,Mustard,Red Soil,Critical Deficit,1,0,0,1
34.7,0.0,53.0,18.0,6.5,52.9,33.2,Mustard,Red Soil,Adequate,0,0,0,0
33.7,0.0,50.2,35.8,0.6,25.6,33.6,Wheat,Black Soil,Adequate,0,0,0,0
24.3,0.0,76.0,13.1,13.2,5.2,22.4,Soybean,Black Soil,Critical Deficit,1,0,0,0
20.8,0.0,48.6,54.8,2.1,194.4,21.2,Cotton,Black Soil,Saturated,0,0,0,0
28.1,0.0,58.5,18.0,4.7,75.3,29.6,Cotton,Alluvial Soil,Adequate,0,0,0,0
30.7,0.0,71.8,25.9,16.7,20.3,32.6,Soybean,Alluvial Soil,Adequate,0,0,0,0
20.8,0.0,28.7,19.1,2.4,71.8,18.1,Sugarcane,Sandy Loam,Adequate,0,0,0,0
18.4,0.0,61.0,22.0,2.4,12.0,18.0,Wheat,Alluvial Soil,Critical Deficit,0,0,0,0
34.8,0.0,28.9,19.8,6.0,59.5,32.7,Pulses,Clayey Loam,Adequate,0,0,0,0
34.5,0.0,50.4,25.3,13.8,68.7,35.6,Soybean,Alluvial Soil,Low / Moderate Deficit,0,0,0,0
34.7,0.0,29.6,16.6,3.6,0.5,34.5,Cotton,Red Soil,Critical Deficit,1,0,0,0
33.5,0.0,86.5,23.8,61.8,35.1,35.1,Mustard,Alluvial Soil,Adequate,0,0,0,1
24.2,0.0,75.2,53.9,19.1,223.1,25.3,Paddy,Alluvial Soil,Saturated,0,1,0,0
37.0,0.0,64.9,17.1,0.1,10.8,37.3,Wheat,Black Soil,Critical Deficit,1,0,1,0
33.2,0.0,52.8,39.7,2.3,61.8,34.3,Sugarcane,Black Soil,Adequate,0,0,0,0
31.1,4.4,78.0,34.3,14.4,79.5,35.1,Wheat,Black Soil,Adequate,0,0,0,0
27.8,0.0,43.2,22.1,2.6,72.2,28.4,Pulses,Sandy Loam,Adequate,0,0,0,0
37.9,26.4,76.5,50.2,2.1,108.4,38.1,Pulses,Black Soil,Saturated,0,1,0,0
35.2,0.0,72.5,26.8,7.0,67.1,34.8,Mustard,Alluvial Soil,Low / Moderate Deficit,0,0,0,0
22.8,0.0,56.7,15.8,1.0,8.9,21.4,Mustard,Black Soil,Critical Deficit,1,0,0,0
33.0,0.0,50.6,33.2,0.5,71.9,32.1,Sugarcane,Black Soil,Adequate,0,0,0,0
37.4,17.8,21.7,30.2,12.6,42.2,39.5,Sugarcane,Sandy Loam,Adequate,0,0,0,0
34.2,18.5,90.3,30.4,29.1,74.8,33.7,Soybean,Alluvial Soil,Adequate,0,0,0,0
33.5,0.0,97.8,26.9,39.0,52.6,34.5,Pulses,Clayey Loam,Adequate,0,0,0,1
30.5,18.4,71.0,31.9,2.0,43.0,31.3,Mustard,Sandy Loam,Low / Moderate Deficit,0,0,0,0
22.7,0.0,46.0,24.6,10.5,59.0,25.2,Soybean,Sandy Loam,Low / Moderate Deficit,0,0,0,0
22.1,12.1,78.7,28.6,6.1,74.6,22.1,Wheat,Sandy Loam,Adequate,0,0,0,0
36.6,0.0,50.7,18.8,8.8,22.6,37.6,Sugarcane,Sandy Loam,Low / Moderate Deficit,1,0,0,0
36.9,0.0,57.8,60.0,3.2,117.4,35.4,Sugarcane,Black Soil,Saturated,0,0,0,0
38.6,0.0,74.0,37.0,14.5,82.9,38.6,Wheat,Black Soil,Low / Moderate Deficit,0,0,1,0
25.8,0.0,51.5,28.3,1.7,79.5,24.8,Soybean,Sandy Loam,Low / Moderate Deficit,0,0,0,0
32.1,0.0,52.2,11.1,6.6,13.4,29.6,Mustard,Sandy Loam,Critical Deficit,1,0,0,0
32.3,0.0,44.3,17.4,3.1,2.8,34.2,Mustard,Clayey Loam,Critical Deficit,1,0,0,0
28.2,0.0,57.3,62.2,1.4,248.8,26.3,Maize,Clayey Loam,Saturated,0,0,0,0
35.1,0.0,70.0,30.3,1.7,70.5,34.4,Pulses,Sandy Loam,Adequate,0,0,0,0
31.2,0.0,41.3,10.1,2.2,7.7,28.1,Sugarcane,Black Soil,Critical Deficit,1,0,0,0
31.5,0.0,28.1,12.3,3.1,0.5,32.0,Pulses,Black Soil,Critical Deficit,1,0,0,0
33.9,0.0,55.5,18.0,0.2,80.9,33.8,Pulses,Alluvial Soil,Adequate,0,0,0,0
28.9,6.5,72.2,24.1,17.2,74.4,26.9,Soybean,Red Soil,Adequate,0,0,0,0
27.0,0.0,46.4,37.9,1.3,26.5,28.2,Mustard,Black Soil,Adequate,0,0,0,0
25.6,0.0,50.0,27.4,2.9,84.4,26.0,Paddy,Black Soil,Adequate,0,0,0,0
31.3,0.0,42.4,24.5,2.5,48.3,32.2,Maize,Red Soil,Adequate,0,0,0,0
35.7,10.4,53.8,18.0,17.9,47.8,36.8,Sugarcane,Sandy Loam,Low / Moderate Deficit,1,0,0,0
34.5,0.0,75.4,22.2,187.7,32.7,35.5,Maize,Alluvial Soil,Low / Moderate Deficit,0,0,0,1
32.5,0.0,69.4,11.2,1.0,1.6,33.5,Pulses,Black Soil,Critical Deficit,1,0,0,0
37.1,0.0,84.2,37.7,3.8,63.0,38.0,Pulses,Black Soil,Adequate,0,0,0,0
40.0,0.0,65.6,26.6,2.2,35.9,40.3,Mustard,Black Soil,Low / Moderate Deficit,0,0,1,0
29.8,62.4,52.1,25.9,89.7,53.3,32.1,Mustard,Black Soil,Low / Moderate Deficit,0,0,0,1
39.9,0.0,52.7,35.3,0.1,83.5,40.0,Soybean,Sandy Loam,Adequate,0,0,1,0
30.3,0.0,62.9,17.1,0.8,10.4,29.5,Mustard,Sandy Loam,Critical Deficit,1,0,0,0
34.1,0.0,82.7,19.5,22.1,31.4,31.8,Soybean,Sandy Loam,Adequate,0,0,0,0
27.2,43.7,52.6,27.3,6.6,46.9,25.8,Sugarcane,Black Soil,Low / Moderate Deficit,0,0,0,0
23.8,0.0,45.1,46.5,4.4,214.6,23.2,Soybean,Black Soil,Saturated,0,0,0,0
28.3,0.0,90.8,32.6,19.3,63.3,30.9,Paddy,Red Soil,Low / Moderate Deficit,0,0,0,0
19.2,0.0,23.8,32.0,1.4,34.0,18.2,Soybean,Black Soil,Adequate,0,0,0,0
26.0,0.0,89.9,18.5,102.6,7.6,26.6,Wheat,Sandy Loam,Critical Deficit,1,0,0,1
27.4,0.0,98.0,22.2,10.8,58.0,27.7,Paddy,Alluvial Soil,Low / Moderate Deficit,0,0,0,0
35.9,0.0,62.7,16.6,0.8,8.2,34.9,Paddy,Alluvial Soil,Critical Deficit,1,0,0,0
20.2,0.0,18.2,31.9,1.3,42.3,21.8,Sugarcane,Black Soil,Low / Moderate Deficit,0,0,0,0
37.2,0.0,72.7,19.4,55.8,76.5,36.0,Sugarcane,Alluvial Soil,Adequate,0,0,0,1
35.6,0.1,53.1,48.0,1.0,41.6,37.1,Cotton,Black Soil,Adequate,0,0,0,0
29.8,0.0,42.4,48.0,0.3,68.3,30.8,Mustard,Black Soil,Low / Moderate Deficit,0,0,0,0
28.1,0.0,57.4,16.4,11.9,0.1,26.7,Pulses,Sandy Loam,Critical Deficit,1,0,0,0
27.8,0.0,44.8,35.5,0.3,66.8,28.4,Paddy,Black Soil,Adequate,0,0,0,0
23.9,0.0,64.7,19.0,2.5,22.2,24.1,Wheat,Clayey Loam,Adequate,0,0,0,0
14.0,0.0,40.4,28.8,3.8,77.0,16.2,Wheat,Black Soil,Adequate,0,0,0,0
18.5,29.9,97.7,48.2,11.7,96.7,19.4,Wheat,Alluvial Soil,Saturated,0,1,0,0
27.7,18.3,60.5,30.3,2.7,50.5,28.4,Mustard,Alluvial Soil,Adequate,0,0,0,0
29.3,2.3,62.2,27.9,0.5,43.2,29.4,Soybean,Alluvial Soil,Low / Moderate Deficit,0,0,0,0
29.5,0.0,25.3,25.4,3.3,66.9,30.0,Pulses,Alluvial Soil,Adequate,0,0,0,0
36.0,0.0,57.9,13.8,3.4,5.6,34.7,Paddy,Black Soil,Critical Deficit,1,0,0,0
30.7,0.0,98.0,40.8,21.4,52.7,28.8,Wheat,Black Soil,Adequate,0,0,0,0
25.8,0.0,87.0,26.1,63.2,79.5,26.1,Mustard,Black Soil,Low / Moderate Deficit,0,0,0,1
31.3,0.0,71.7,25.9,2.4,82.8,30.4,Mustard,Sandy Loam,Low / Moderate Deficit,0,0,0,0
39.4,0.0,49.0,12.1,0.2,10.1,37.9,Paddy,Black Soil,Critical Deficit,1,0,1,0
31.1,0.0,74.8,35.6,69.2,43.7,30.9,Sugarcane,Black Soil,Adequate,0,0,0,1
21.4,0.0,21.9,36.8,0.3,65.4,18.7,Paddy,Black Soil,Adequate,0,0,0,0
31.6,10.8,85.2,54.4,29.6,92.8,35.2,Sugarcane,Alluvial Soil,Saturated,0,1,0,0
19.9,0.0,41.7,20.7,2.3,38.1,23.6,Mustard,Sandy Loam,Adequate,0,0,0,0
29.0,0.0,67.1,24.3,0.3,68.2,27.9,Maize,Clayey Loam,Adequate,0,0,0,0
34.8,0.0,56.1,20.8,2.2,82.0,33.9,Sugarcane,Clayey Loam,Adequate,0,0,0,0
21.4,0.0,37.0,27.3,9.8,69.1,23.7,Soybean,Clayey Loam,Low / Moderate Deficit,0,0,0,0
34.2,0.0,98.0,12.5,55.2,6.8,33.3,Cotton,Red Soil,Critical Deficit,1,0,0,1
31.4,0.0,74.4,16.6,4.5,0.5,32.7,Paddy,Clayey Loam,Critical Deficit,1,0,0,0
29.9,11.3,73.3,33.9,20.3,27.4,31.0,Paddy,Black Soil,Low / Moderate Deficit,0,0,0,0
35.2,0.0,54.0,24.8,2.5,76.8,33.2,Sugarcane,Red Soil,Adequate,0,0,0,0
26.8,0.0,54.8,36.5,8.8,27.3,27.8,Soybean,Alluvial Soil,Adequate,0,0,0,0
29.2,0.0,68.2,20.2,0.4,12.9,31.7,Soybean,Red Soil,Critical Deficit,1,0,0,0
41.9,0.0,98.0,29.6,74.3,67.1,42.0,Paddy,Sandy Loam,Adequate,0,0,1,1
24.6,0.0,91.7,53.4,12.8,221.9,23.7,Maize,Alluvial Soil,Saturated,0,0,0,0
34.2,0.0,83.8,34.0,21.4,28.6,33.9,Sugarcane,Black Soil,Adequate,0,0,0,0
26.6,0.0,69.8,24.6,2.0,28.0,26.9,Paddy,Red Soil,Adequate,0,0,0,0
19.4,0.0,59.0,30.8,9.0,55.4,18.4,Cotton,Black Soil,Adequate,0,0,0,0
24.3,3.2,77.7,38.9,10.7,57.6,23.0,Paddy,Black Soil,Low / Moderate Deficit,0,0,0,0
32.2,0.0,56.9,31.7,0.9,61.6,31.0,Pulses,Sandy Loam,Low / Moderate Deficit,0,0,0,0
24.1,0.0,30.5,18.0,3.5,37.5,22.3,Pulses,Sandy Loam,Adequate,0,0,0,0
32.5,0.0,68.4,28.7,1.0,63.6,33.5,Mustard,Clayey Loam,Low / Moderate Deficit,0,0,0,0
26.1,0.0,35.7,29.3,0.8,82.6,25.0,Maize,Clayey Loam,Adequate,0,0,0,0
31.4,0.0,57.7,25.7,4.9,54.3,30.6,Pulses,Clayey Loam,Low / Moderate Deficit,0,0,0,0
40.1,15.1,71.7,27.0,4.7,40.2,38.6,Sugarcane,Clayey Loam,Adequate,0,0,1,0
27.4,0.0,98.0,19.7,10.9,53.1,28.7,Wheat,Clayey Loam,Adequate,0,0,0,0
23.8,0.0,75.7,52.8,2.4,123.0,26.8,Maize,Red Soil,Saturated,0,0,0,0
33.1,5.4,84.2,21.2,42.4,63.2,31.4,Paddy,Alluvial Soil,Adequate,0,0,0,0
25.1,0.0,41.7,30.1,2.9,78.9,24.4,Sugarcane,Black Soil,Low / Moderate Deficit,0,0,0,0
22.3,5.4,65.6,48.9,0.3,125.7,22.3,Wheat,Red Soil,Saturated,0,0,0,0
40.5,1.5,70.0,14.4,0.2,11.2,40.4,Cotton,Alluvial Soil,Critical Deficit,1,0,1,0
14.0,0.0,46.9,54.6,3.7,157.6,14.2,Mustard,Sandy Loam,Saturated,0,0,0,0
27.0,0.0,72.7,31.0,28.3,39.8,25.9,Paddy,Black Soil,Adequate,0,0,0,0
31.0,1.9,82.9,18.4,20.2,50.3,30.0,Soybean,Sandy Loam,Low / Moderate Deficit,1,0,0,0
33.8,0.0,74.4,30.8,105.3,75.6,31.8,Mustard,Clayey Loam,Adequate,0,0,0,1
40.3,76.5,30.8,37.4,40.2,32.1,41.4,Paddy,Black Soil,Low / Moderate Deficit,0,1,1,1
19.6,0.0,31.8,31.1,2.5,58.0,20.8,Soybean,Clayey Loam,Adequate,0,0,0,0
29.2,0.0,66.8,17.9,9.6,14.6,30.7,Mustard,Clayey Loam,Critical Deficit,1,0,0,0
22.7,0.0,49.0,23.5,1.7,46.9,22.8,Soybean,Alluvial Soil,Low / Moderate Deficit,0,0,0,0
22.1,0.0,68.4,30.4,7.9,78.6,22.3,Wheat,Clayey Loam,Adequate,0,0,0,0
36.8,0.0,82.3,27.6,31.1,21.7,37.7,Paddy,Sandy Loam,Adequate,0,0,0,0
28.9,0.0,74.0,20.1,0.0,77.4,28.4,Cotton,Clayey Loam,Low / Moderate Deficit,1,0,0,0
33.4,89.8,75.8,19.8,35.3,56.1,35.9,Paddy,Sandy Loam,Adequate,0,0,0,1
32.7,0.0,50.5,18.0,0.6,69.4,30.1,Soybean,Clayey Loam,Adequate,0,0,0,0
39.2,0.0,66.6,31.9,0.5,40.7,39.3,Sugarcane,Alluvial Soil,Adequate,0,0,1,0
28.5,0.0,57.1,18.0,3.5,48.2,30.3,Paddy,Alluvial Soil,Low / Moderate Deficit,1,0,0,0
25.5,0.0,57.7,18.6,3.1,10.0,24.5,Cotton,Red Soil,Critical Deficit,1,0,0,0
19.5,0.0,72.8,18.0,1.2,59.5,18.3,Cotton,Sandy Loam,Adequate,0,0,0,0
30.6,0.0,69.3,18.0,4.9,33.4,30.8,Sugarcane,Red Soil,Adequate,0,0,0,0
31.8,0.0,43.9,30.0,2.8,57.9,31.4,Wheat,Black Soil,Low / Moderate Deficit,0,0,0,0
30.0,0.0,98.0,31.4,25.2,58.2,32.0,Wheat,Clayey Loam,Low / Moderate Deficit,0,0,0,0
28.5,0.0,77.6,25.5,9.1,43.0,25.4,Maize,Alluvial Soil,Adequate,0,0,0,0
34.1,0.0,85.9,18.1,1.9,41.4,32.4,Pulses,Red Soil,Adequate,0,0,0,0
33.6,0.0,60.2,19.3,3.1,1.3,32.9,Pulses,Black Soil,Critical Deficit,1,0,0,0
20.3,0.0,89.7,53.4,9.3,126.6,22.6,Pulses,Alluvial Soil,Saturated,0,0,0,0
22.1,0.0,63.6,24.1,2.9,63.2,22.2,Cotton,Clayey Loam,Adequate,0,0,0,0
32.5,0.4,42.8,23.5,0.4,81.6,31.7,Sugarcane,Clayey Loam,Adequate,0,0,0,0
25.1,60.5,72.5,18.0,13.9,69.3,26.1,Wheat,Red Soil,Adequate,0,0,0,1
15.9,0.0,50.8,15.5,0.5,11.9,18.1,Wheat,Clayey Loam,Critical Deficit,1,0,0,0
14.0,0.0,69.6,22.6,2.3,61.7,11.5,Paddy,Sandy Loam,Adequate,0,0,0,0
41.9,0.0,24.5,43.7,4.2,36.0,43.0,Paddy,Sandy Loam,Adequate,0,0,1,0
25.9,0.0,54.5,15.7,1.1,7.0,24.0,Wheat,Black Soil,Critical Deficit,1,0,0,0
38.8,0.0,58.8,16.2,0.8,14.7,38.5,Sugarcane,Alluvial Soil,Critical Deficit,1,0,1,0
24.1,0.0,38.3,31.0,3.2,52.4,23.6,Paddy,Clayey Loam,Adequate,0,0,0,0
24.9,0.0,48.9,20.3,2.3,10.9,25.8,Pulses,Black Soil,Critical Deficit,1,0,0,0
16.0,0.0,72.7,23.4,23.7,41.8,14.3,Mustard,Clayey Loam,Low / Moderate Deficit,0,0,0,0
28.0,36.5,84.7,54.7,36.2,134.1,29.2,Soybean,Alluvial Soil,Saturated,0,1,0,0
30.5,3.6,42.2,22.5,0.8,49.8,33.7,Pulses,Sandy Loam,Adequate,0,0,0,0
31.9,6.6,58.2,17.8,2.8,0.7,32.7,Pulses,Clayey Loam,Critical Deficit,1,0,0,0
28.1,0.0,55.8,18.0,0.9,79.8,26.8,Paddy,Alluvial Soil,Low / Moderate Deficit,1,0,0,0
23.4,0.0,38.3,15.2,7.5,10.8,25.1,Wheat,Alluvial Soil,Critical Deficit,1,0,0,0
42.8,0.0,30.8,24.8,5.2,57.3,45.9,Cotton,Alluvial Soil,Adequate,0,0,1,0
34.9,0.0,92.1,24.7,2.7,82.3,32.0,Paddy,Sandy Loam,Low / Moderate Deficit,0,0,0,0
27.6,0.0,74.0,18.0,17.6,65.9,28.5,Soybean,Sandy Loam,Adequate,0,0,0,0
22.3,8.3,72.2,29.1,37.6,65.2,21.3,Soybean,Sandy Loam,Adequate,0,0,0,0
22.6,0.0,44.0,20.4,1.5,69.1,23.3,Sugarcane,Red Soil,Low / Moderate Deficit,1,0,0,0
41.6,18.3,59.0,29.3,19.5,39.7,40.4,Paddy,Sandy Loam,Adequate,0,0,1,0
33.1,9.1,63.8,15.0,0.2,10.6,35.5,Cotton,Red Soil,Critical Deficit,1,0,0,0
34.1,13.0,61.0,23.1,36.4,83.2,34.2,Wheat,Sandy Loam,Low / Moderate Deficit,0,0,0,0
29.0,0.0,45.9,24.8,5.0,51.2,27.3,Mustard,Clayey Loam,Low / Moderate Deficit,0,0,0,0
36.8,0.0,53.6,38.1,0.9,20.4,39.3,Wheat,Red Soil,Low / Moderate Deficit,0,0,1,0
32.0,0.0,69.5,30.9,0.3,57.1,34.3,Pulses,Black Soil,Low / Moderate Deficit,0,0,0,0
36.0,0.0,49.9,22.2,1.1,77.9,35.9,Cotton,Sandy Loam,Adequate,0,0,0,0
20.3,0.0,73.0,29.9,7.5,51.1,19.5,Soybean,Alluvial Soil,Adequate,0,0,0,0
38.8,0.0,44.4,18.0,9.9,50.5,39.3,Mustard,Red Soil,Low / Moderate Deficit,1,0,1,0
31.5,0.0,46.2,43.3,1.4,84.5,28.2,Paddy,Black Soil,Adequate,0,0,0,0
31.7,0.0,42.2,28.9,2.0,55.0,29.6,Wheat,Sandy Loam,Adequate,0,0,0,0
37.4,0.0,53.2,24.6,0.2,28.7,38.6,Soybean,Sandy Loam,Low / Moderate Deficit,0,0,0,0
20.6,0.0,68.6,20.7,7.1,3.7,18.6,Sugarcane,Sandy Loam,Critical Deficit,1,0,0,0
23.3,0.0,86.3,16.1,62.5,13.9,22.9,Pulses,Sandy Loam,Critical Deficit,1,0,0,1
31.3,4.9,77.2,29.0,22.5,59.7,32.0,Sugarcane,Red Soil,Adequate,0,0,0,0
37.2,0.0,54.7,25.5,1.3,69.1,37.5,Soybean,Red Soil,Adequate,0,0,0,0
30.6,0.0,57.3,21.0,3.7,0.9,31.5,Maize,Red Soil,Critical Deficit,1,0,0,0
23.8,0.0,72.9,28.0,98.8,73.7,23.2,Pulses,Alluvial Soil,Adequate,0,0,0,1
42.1,0.0,61.5,48.3,1.1,125.0,40.2,Maize,Clayey Loam,Saturated,0,0,1,0
28.0,25.5,67.9,54.1,12.4,190.1,28.9,Sugarcane,Red Soil,Saturated,0,1,0,0
32.5,4.0,60.1,29.7,3.0,29.1,31.9,Soybean,Red Soil,Adequate,0,0,0,0
36.3,0.0,49.4,45.0,3.7,244.1,35.5,Mustard,Black Soil,Saturated,0,0,0,0
16.9,24.3,71.4,28.8,1.4,46.2,14.1,Soybean,Clayey Loam,Adequate,0,0,0,0
29.2,0.0,72.7,52.9,9.2,104.3,30.9,Cotton,Black Soil,Saturated,0,0,0,0
19.3,0.0,43.3,14.2,9.4,7.7,19.9,Mustard,Clayey Loam,Critical Deficit,1,0,0,0
41.4,0.0,43.0,23.6,1.2,58.0,39.9,Mustard,Sandy Loam,Adequate,0,0,1,0
16.7,0.0,59.4,34.3,0.4,73.7,17.9,Paddy,Red Soil,Low / Moderate Deficit,0,0,0,0
27.7,0.0,58.2,27.6,8.6,72.9,26.2,Mustard,Red Soil,Low / Moderate Deficit,0,0,0,0
27.8,0.0,50.2,29.7,7.5,70.1,28.0,Soybean,Sandy Loam,Adequate,0,0,0,0
27.4,0.0,57.0,23.1,0.2,53.5,25.6,Sugarcane,Red Soil,Adequate,0,0,0,0
40.1,0.0,74.2,32.2,32.4,58.5,39.7,Paddy,Black Soil,Low / Moderate Deficit,0,0,1,0
32.8,0.0,41.4,18.9,0.9,11.6,32.7,Mustard,Black Soil,Critical Deficit,1,0,0,0
38.3,0.0,41.4,16.9,1.2,4.4,38.1,Pulses,Sandy Loam,Critical Deficit,1,0,1,0
33.5,0.0,42.9,19.6,4.6,56.6,34.4,Cotton,Red Soil,Adequate,0,0,0,0
35.3,0.0,59.2,52.4,12.4,229.4,35.6,Maize,Red Soil,Saturated,0,0,0,0
36.0,0.0,77.5,20.3,13.8,49.8,35.3,Wheat,Red Soil,Low / Moderate Deficit,1,0,0,0
25.7,0.0,68.3,26.0,2.5,37.9,26.3,Paddy,Sandy Loam,Low / Moderate Deficit,0,0,0,0
23.1,0.0,35.1,31.0,2.1,45.5,24.2,Pulses,Sandy Loam,Low / Moderate Deficit,0,0,0,0
28.0,0.0,45.4,27.4,2.5,69.1,30.2,Sugarcane,Alluvial Soil,Low / Moderate Deficit,0,0,0,0
26.7,0.0,60.8,29.2,2.2,80.7,25.6,Paddy,Alluvial Soil,Low / Moderate Deficit,0,0,0,0
24.0,0.0,49.2,15.7,0.1,1.9,23.9,Mustard,Red Soil,Critical Deficit,1,0,0,0
29.7,0.0,73.8,18.0,29.8,63.9,27.7,Soybean,Alluvial Soil,Low / Moderate Deficit,1,0,0,0
47.2,0.0,92.1,17.3,30.4,10.0,46.2,Wheat,Red Soil,Critical Deficit,1,0,1,0
29.7,31.3,81.3,20.8,14.1,11.4,28.1,Cotton,Red Soil,Critical Deficit,1,0,0,0
33.6,0.0,88.0,22.6,4.5,35.8,31.6,Paddy,Sandy Loam,Low / Moderate Deficit,0,0,0,0
36.6,0.0,43.0,39.5,0.1,39.6,35.1,Mustard,Black Soil,Adequate,0,0,1,0
30.9,0.0,26.6,25.3,0.6,80.1,28.4,Paddy,Sandy Loam,Low / Moderate Deficit,0,0,0,0
32.3,0.0,37.2,20.0,1.7,66.0,33.9,Maize,Sandy Loam,Adequate,0,0,0,0
32.7,21.3,69.1,21.3,19.3,45.8,34.6,Paddy,Clayey Loam,Low / Moderate Deficit,1,0,0,0
28.2,28.4,54.7,27.7,15.8,74.0,30.1,Cotton,Alluvial Soil,Adequate,0,0,0,0
